date_time,dataset,approach,validation,balancing,model,num_training_set_releases,test_set_release,fit_time,precision,recall,accuracy,inspection_rate,f1_score,mcc
08/02/2022 20:54:41,moodle,metrics,real_labelling,none,kmeans,4,RELEASE_1_0_5,0.013704061508178711,0.0,0.0,0.9461538461538461,0.03076923076923077,0.0,-0.02738441640271498
08/02/2022 20:54:41,moodle,metrics,real_labelling,none,kmeans,5,RELEASE_1_0_6,0.011985063552856445,0.0,0.0,0.9540229885057471,0.028735632183908046,0.0,-0.022782649144580475
08/02/2022 20:54:41,moodle,metrics,real_labelling,none,kmeans,6,RELEASE_1_0_7,0.013348102569580078,0.0,0.0,0.9696969696969697,0.01893939393939394,0.0,-0.0148961999725068
08/02/2022 20:54:41,moodle,metrics,real_labelling,none,kmeans,7,RELEASE_1_0_8,0.01781606674194336,0.0,0.0,0.9700598802395209,0.017964071856287425,0.0,-0.014890583938253495
08/02/2022 20:54:41,moodle,metrics,real_labelling,none,kmeans,8,RELEASE_1_0_9,0.025297880172729492,0.0,0.0,0.966804979253112,0.022821576763485476,0.0,-0.015646301749836795
08/02/2022 20:54:41,moodle,metrics,real_labelling,none,kmeans,9,RELEASE_1_1_0,0.018988847732543945,0.07142857142857142,0.14285714285714285,0.9667250437828371,0.024518388791593695,0.09523809523809523,0.08524736293966424
08/02/2022 20:54:41,moodle,metrics,real_labelling,none,kmeans,10,RELEASE_1_1_1,0.021144866943359375,0.07142857142857142,0.14285714285714285,0.9675213675213675,0.023931623931623933,0.09523809523809523,0.08563157856310952
08/02/2022 20:54:41,moodle,metrics,real_labelling,none,kmeans,11,RELEASE_1_2_0,0.020760774612426758,0.045454545454545456,0.1111111111111111,0.9746281714785652,0.019247594050743656,0.06451612903225805,0.0595648263204689
08/02/2022 20:54:41,moodle,metrics,real_labelling,none,kmeans,12,RELEASE_1_2_1,0.031018972396850586,0.047619047619047616,0.1111111111111111,0.9755030621172354,0.01837270341207349,0.06666666666666667,0.06151974361704432
08/02/2022 20:54:41,moodle,metrics,real_labelling,none,kmeans,13,RELEASE_1_3_0,0.02246403694152832,0.05555555555555555,0.1111111111111111,0.9820273184759166,0.012940330697340043,0.07407407407407407,0.0700979125823192
08/02/2022 20:54:41,moodle,metrics,real_labelling,none,kmeans,14,RELEASE_1_3_1,0.039343833923339844,0.05555555555555555,0.1111111111111111,0.9849669272399278,0.010823812387251955,0.07407407407407407,0.07149447497289317
08/02/2022 20:54:42,moodle,metrics,real_labelling,none,kmeans,15,RELEASE_1_3_2,0.029491901397705078,0.05555555555555555,0.1111111111111111,0.9849669272399278,0.010823812387251955,0.07407407407407407,0.07149447497289317
08/02/2022 20:54:42,moodle,metrics,real_labelling,none,kmeans,16,RELEASE_1_3_3,0.03777909278869629,0.05555555555555555,0.1111111111111111,0.9849669272399278,0.010823812387251955,0.07407407407407407,0.07149447497289317
08/02/2022 20:54:42,moodle,metrics,real_labelling,none,kmeans,17,RELEASE_1_3_4,0.04511427879333496,0.05555555555555555,0.125,0.9855682501503308,0.010823812387251955,0.07692307692307691,0.07671752395638234
08/02/2022 20:54:42,moodle,metrics,real_labelling,none,kmeans,18,RELEASE_1_4_0,0.04189801216125488,0.047619047619047616,0.1111111111111111,0.9882697947214076,0.008797653958944282,0.06666666666666667,0.06740366177991533
08/02/2022 20:54:42,moodle,metrics,real_labelling,none,kmeans,19,RELEASE_1_4_1,0.03910708427429199,0.047619047619047616,0.1111111111111111,0.9882845188284519,0.008786610878661089,0.06666666666666667,0.06741040127880911
08/02/2022 20:54:43,moodle,metrics,real_labelling,none,kmeans,20,RELEASE_1_4_2,0.04496312141418457,0.047619047619047616,0.125,0.9887029288702929,0.008786610878661089,0.06896551724137931,0.07216656012483164
08/02/2022 20:54:43,moodle,metrics,real_labelling,none,kmeans,21,RELEASE_1_4_3,0.04577207565307617,0.047619047619047616,0.14285714285714285,0.9891349770162975,0.008775595486836606,0.07142857142857142,0.07786791076927123
08/02/2022 20:54:43,moodle,metrics,real_labelling,none,kmeans,22,RELEASE_1_4_4,0.05101895332336426,0.047619047619047616,0.14285714285714285,0.9891485809682805,0.008764607679465776,0.07142857142857142,0.07787371729617659
08/02/2022 20:54:43,moodle,metrics,real_labelling,none,kmeans,23,RELEASE_1_4_5,0.0577387809753418,0.047619047619047616,0.14285714285714285,0.9891891891891892,0.008731808731808732,0.07142857142857142,0.07789104945675183
08/02/2022 20:54:44,moodle,metrics,real_labelling,none,kmeans,24,RELEASE_1_5_0,0.07039570808410645,0.12,0.3,0.9909346670834636,0.007814942169427946,0.17142857142857143,0.18581104145695532
08/02/2022 20:54:44,moodle,metrics,real_labelling,none,kmeans,25,RELEASE_1_5_1,0.08111190795898438,0.12,0.3,0.9909797822706066,0.007776049766718507,0.17142857142857143,0.1858306823775963
08/02/2022 20:54:44,moodle,metrics,real_labelling,none,kmeans,26,RELEASE_1_5_2,0.0688009262084961,0.12,0.3,0.9909881914232442,0.007768800497203232,0.17142857142857143,0.1858343431905024
08/02/2022 20:54:44,moodle,metrics,real_labelling,none,kmeans,27,RELEASE_1_5_3,0.06697607040405273,0.12,0.3,0.9910796677945247,0.007689941556444171,0.17142857142857143,0.18587416385595518
08/02/2022 20:54:45,moodle,metrics,real_labelling,none,kmeans,28,RELEASE_1_6_0,0.07164883613586426,0.010357815442561206,0.7857142857142857,0.03302752293577982,0.9743119266055046,0.020446096654275093,-0.13598135425523752
08/02/2022 20:54:45,moodle,metrics,real_labelling,none,kmeans,29,RELEASE_1_6_1,0.07244515419006348,0.1111111111111111,0.21428571428571427,0.9680365296803652,0.024657534246575342,0.14634146341463417,0.1391555904885463
08/02/2022 20:54:46,moodle,metrics,real_labelling,none,kmeans,30,RELEASE_1_6_2,0.0655660629272461,0.11538461538461539,0.25,0.9708295350957156,0.023701002734731084,0.15789473684210525,0.1564528942680129
08/02/2022 20:54:46,moodle,metrics,real_labelling,none,kmeans,31,RELEASE_1_6_3,0.0667867660522461,0.11538461538461539,0.2727272727272727,0.9717668488160291,0.023679417122040074,0.16216216216216214,0.16477171068341787
08/02/2022 20:54:46,moodle,metrics,real_labelling,none,kmeans,32,RELEASE_1_7_0,0.06372570991516113,0.1111111111111111,0.23076923076923078,0.9739862280030605,0.020657995409334353,0.15,0.1480616329658072
08/02/2022 20:54:47,moodle,metrics,real_labelling,none,kmeans,33,RELEASE_1_7_1,0.06775093078613281,0.10714285714285714,0.23076923076923078,0.9732824427480916,0.021374045801526718,0.14634146341463414,0.14494947489358057
08/02/2022 20:54:47,moodle,metrics,real_labelling,none,kmeans,34,RELEASE_1_7_2,0.08070206642150879,0.10714285714285714,0.23076923076923078,0.9732824427480916,0.021374045801526718,0.14634146341463414,0.14494947489358057
08/02/2022 20:54:48,moodle,metrics,real_labelling,none,kmeans,35,RELEASE_1_8_0,0.07723593711853027,0.10344827586206896,0.21428571428571427,0.9743411927877947,0.02011095700416089,0.1395348837209302,0.13695814513319288
08/02/2022 20:54:48,moodle,metrics,real_labelling,none,kmeans,36,RELEASE_1_8_1,0.07844400405883789,0.10714285714285714,0.2,0.9741258741258741,0.019580419580419582,0.13953488372093023,0.13407076673750873
08/02/2022 20:54:49,moodle,metrics,real_labelling,none,kmeans,37,RELEASE_1_8_2,0.08032083511352539,0.10714285714285714,0.2,0.9741439552760307,0.019566736547868623,0.13953488372093023,0.13407950242284938
08/02/2022 20:54:49,moodle,metrics,real_labelling,none,kmeans,38,RELEASE_1_8_3,0.07681989669799805,0.10714285714285714,0.21428571428571427,0.9749303621169917,0.019498607242339833,0.14285714285714285,0.13978112259833853
08/02/2022 20:54:50,moodle,metrics,real_labelling,none,kmeans,39,RELEASE_1_8_4,0.09078788757324219,0.10344827586206896,0.21428571428571427,0.9744651483781919,0.020013802622498276,0.1395348837209302,0.1370166343378247
08/02/2022 20:54:50,moodle,metrics,real_labelling,none,kmeans,40,RELEASE_1_9_0,0.11777305603027344,0.09090909090909091,0.17647058823529413,0.9731870810481413,0.02010968921389397,0.12000000000000001,0.11396413432981978
08/02/2022 20:54:51,moodle,metrics,real_labelling,none,kmeans,41,RELEASE_1_9_1,0.0921940803527832,0.09375,0.17647058823529413,0.9738919247115968,0.019429265330904676,0.12244897959183672,0.11619219343361276
08/02/2022 20:54:51,moodle,metrics,real_labelling,none,kmeans,42,RELEASE_1_9_2,0.0979928970336914,0.00926497838171711,0.8333333333333334,0.027239709443099273,0.9800242130750605,0.01832620647525962,-0.1100380760177329
08/02/2022 20:54:52,moodle,metrics,real_labelling,none,kmeans,43,RELEASE_2_0_0,0.10892391204833984,0.13793103448275862,0.16666666666666666,0.9847042828008158,0.009857239972807614,0.1509433962264151,0.1439489731497407
08/02/2022 20:54:52,moodle,metrics,real_labelling,none,kmeans,44,RELEASE_2_0_1,0.1114950180053711,0.13793103448275862,0.16666666666666666,0.9847198641765704,0.009847198641765705,0.1509433962264151,0.14395685793868684
08/02/2022 20:54:53,moodle,metrics,real_labelling,none,kmeans,45,RELEASE_2_0_2,0.12173891067504883,0.13793103448275862,0.19047619047619047,0.9857868020304569,0.009813874788494078,0.16,0.15504882900368958
08/02/2022 20:54:54,moodle,metrics,real_labelling,none,kmeans,46,RELEASE_2_0_3,0.12169218063354492,0.1,0.15,0.9852100840336134,0.010084033613445379,0.12,0.11520921694446258
08/02/2022 20:54:54,moodle,metrics,real_labelling,none,kmeans,47,RELEASE_2_1_0,0.13950800895690918,0.10344827586206896,0.14285714285714285,0.9861504564054139,0.00912810827824992,0.12000000000000001,0.11470113449511463
08/02/2022 20:54:55,moodle,metrics,real_labelling,none,kmeans,48,RELEASE_2_1_1,0.13827896118164062,0.0967741935483871,0.14285714285714285,0.9855663633511139,0.009727016002510198,0.11538461538461538,0.11047480845005396
08/02/2022 20:54:56,moodle,metrics,real_labelling,none,kmeans,49,RELEASE_2_1_2,0.15148329734802246,0.09375,0.15789473684210525,0.9859243040350328,0.010009383797309979,0.11764705882352941,0.11486978453090176
08/02/2022 20:54:56,moodle,metrics,real_labelling,none,kmeans,50,RELEASE_2_1_3,0.16479992866516113,0.03125,0.07692307692307693,0.9865792759051186,0.009987515605493134,0.044444444444444446,0.04296512827006114
08/02/2022 20:54:57,moodle,metrics,real_labelling,none,random_forest,4,RELEASE_1_0_5,0.12766814231872559,0.0,0.0,0.9769230769230769,0.0,0.0,0.0
08/02/2022 20:54:57,moodle,metrics,real_labelling,none,random_forest,5,RELEASE_1_0_6,0.11920690536499023,0.0,0.0,0.9827586206896551,0.0,0.0,0.0
08/02/2022 20:54:57,moodle,metrics,real_labelling,none,random_forest,6,RELEASE_1_0_7,0.10998797416687012,0.0,0.0,0.9886363636363636,0.0,0.0,0.0
08/02/2022 20:54:57,moodle,metrics,real_labelling,none,random_forest,7,RELEASE_1_0_8,0.12509584426879883,0.0,0.0,0.9880239520958084,0.0,0.0,0.0
08/02/2022 20:54:57,moodle,metrics,real_labelling,none,random_forest,8,RELEASE_1_0_9,0.12290120124816895,0.0,0.0,0.9896265560165975,0.0,0.0,0.0
08/02/2022 20:54:58,moodle,metrics,real_labelling,none,random_forest,9,RELEASE_1_1_0,0.12051701545715332,0.0,0.0,0.9877408056042032,0.0,0.0,0.0
08/02/2022 20:54:58,moodle,metrics,real_labelling,none,random_forest,10,RELEASE_1_1_1,0.1280221939086914,0.0,0.0,0.9880341880341881,0.0,0.0,0.0
08/02/2022 20:54:58,moodle,metrics,real_labelling,none,random_forest,11,RELEASE_1_2_0,0.12976598739624023,0.0,0.0,0.9921259842519685,0.0,0.0,0.0
08/02/2022 20:54:58,moodle,metrics,real_labelling,none,random_forest,12,RELEASE_1_2_1,0.13183808326721191,0.0,0.0,0.9921259842519685,0.0,0.0,0.0
08/02/2022 20:54:58,moodle,metrics,real_labelling,none,random_forest,13,RELEASE_1_3_0,0.14371514320373535,0.0,0.0,0.9935298346513299,0.0,0.0,0.0
08/02/2022 20:54:59,moodle,metrics,real_labelling,none,random_forest,14,RELEASE_1_3_1,0.1500840187072754,0.0,0.0,0.994588093806374,0.0,0.0,0.0
08/02/2022 20:54:59,moodle,metrics,real_labelling,none,random_forest,15,RELEASE_1_3_2,0.1746370792388916,0.0,0.0,0.994588093806374,0.0,0.0,0.0
08/02/2022 20:54:59,moodle,metrics,real_labelling,none,random_forest,16,RELEASE_1_3_3,0.18869495391845703,0.0,0.0,0.994588093806374,0.0,0.0,0.0
08/02/2022 20:55:00,moodle,metrics,real_labelling,none,random_forest,17,RELEASE_1_3_4,0.23532915115356445,0.0,0.0,0.994588093806374,0.0006013229104028864,0.0,-0.0017054165951285501
08/02/2022 20:55:00,moodle,metrics,real_labelling,none,random_forest,18,RELEASE_1_4_0,0.24295616149902344,0.0,0.0,0.9962295768747381,0.0,0.0,0.0
08/02/2022 20:55:00,moodle,metrics,real_labelling,none,random_forest,19,RELEASE_1_4_1,0.26312971115112305,0.0,0.0,0.996234309623431,0.0,0.0,0.0
08/02/2022 20:55:01,moodle,metrics,real_labelling,none,random_forest,20,RELEASE_1_4_2,0.3007853031158447,0.0,0.0,0.9966527196652719,0.0,0.0,0.0
08/02/2022 20:55:01,moodle,metrics,real_labelling,none,random_forest,21,RELEASE_1_4_3,0.3250699043273926,0.0,0.0,0.9970748015043878,0.0,0.0,0.0
08/02/2022 20:55:02,moodle,metrics,real_labelling,none,random_forest,22,RELEASE_1_4_4,0.45868611335754395,0.0,0.0,0.9970784641068448,0.0,0.0,0.0
08/02/2022 20:55:03,moodle,metrics,real_labelling,none,random_forest,23,RELEASE_1_4_5,0.48514485359191895,0.0,0.0,0.9970893970893971,0.0,0.0,0.0
08/02/2022 20:55:03,moodle,metrics,real_labelling,none,random_forest,24,RELEASE_1_5_0,0.5266449451446533,0.0,0.0,0.9968740231322288,0.0,0.0,0.0
08/02/2022 20:55:04,moodle,metrics,real_labelling,none,random_forest,25,RELEASE_1_5_1,0.5653338432312012,0.0,0.0,0.9968895800933126,0.0,0.0,0.0
08/02/2022 20:55:05,moodle,metrics,real_labelling,none,random_forest,26,RELEASE_1_5_2,0.6359689235687256,0.0,0.0,0.9968924798011187,0.0,0.0,0.0
08/02/2022 20:55:06,moodle,metrics,real_labelling,none,random_forest,27,RELEASE_1_5_3,0.6777889728546143,0.0,0.0,0.9969240233774224,0.0,0.0,0.0
08/02/2022 20:55:07,moodle,metrics,real_labelling,none,random_forest,28,RELEASE_1_6_0,0.7146100997924805,0.0,0.0,0.9871559633027523,0.0,0.0,0.0
08/02/2022 20:55:08,moodle,metrics,real_labelling,none,random_forest,29,RELEASE_1_6_1,0.7453336715698242,0.0,0.0,0.9872146118721461,0.0,0.0,0.0
08/02/2022 20:55:09,moodle,metrics,real_labelling,none,random_forest,30,RELEASE_1_6_2,0.7628931999206543,0.0,0.0,0.9890610756608933,0.0,0.0,0.0
08/02/2022 20:55:10,moodle,metrics,real_labelling,none,random_forest,31,RELEASE_1_6_3,0.8569319248199463,0.0,0.0,0.9890710382513661,0.0009107468123861566,0.0,-0.003037234026932823
08/02/2022 20:55:12,moodle,metrics,real_labelling,none,random_forest,32,RELEASE_1_7_0,0.8758769035339355,0.0,0.0,0.9892884468247896,0.0007651109410864575,0.0,-0.002773530521845235
08/02/2022 20:55:13,moodle,metrics,real_labelling,none,random_forest,33,RELEASE_1_7_1,0.9126489162445068,0.0,0.0,0.9900763358778626,0.0,0.0,0.0
08/02/2022 20:55:14,moodle,metrics,real_labelling,none,random_forest,34,RELEASE_1_7_2,0.9452359676361084,0.0,0.0,0.9900763358778626,0.0,0.0,0.0
08/02/2022 20:55:15,moodle,metrics,real_labelling,none,random_forest,35,RELEASE_1_8_0,0.9948410987854004,0.0,0.0,0.9902912621359223,0.0,0.0,0.0
08/02/2022 20:55:17,moodle,metrics,real_labelling,none,random_forest,36,RELEASE_1_8_1,1.0536601543426514,0.0,0.0,0.9895104895104895,0.0,0.0,0.0
08/02/2022 20:55:18,moodle,metrics,real_labelling,none,random_forest,37,RELEASE_1_8_2,1.0654027462005615,0.0,0.0,0.989517819706499,0.0,0.0,0.0
08/02/2022 20:55:20,moodle,metrics,real_labelling,none,random_forest,38,RELEASE_1_8_3,1.0997300148010254,0.0,0.0,0.9902506963788301,0.0,0.0,0.0
08/02/2022 20:55:21,moodle,metrics,real_labelling,none,random_forest,39,RELEASE_1_8_4,1.168407917022705,0.0,0.0,0.9903381642512077,0.0,0.0,0.0
08/02/2022 20:55:23,moodle,metrics,real_labelling,none,random_forest,40,RELEASE_1_9_0,1.182300329208374,0.0,0.0,0.9896404631322364,0.0,0.0,0.0
08/02/2022 20:55:25,moodle,metrics,real_labelling,none,random_forest,41,RELEASE_1_9_1,1.2448780536651611,0.0,0.0,0.9896782027929569,0.0,0.0,0.0
08/02/2022 20:55:27,moodle,metrics,real_labelling,none,random_forest,42,RELEASE_1_9_2,1.2893381118774414,0.0,0.0,0.9891041162227603,0.0,0.0,0.0
08/02/2022 20:55:29,moodle,metrics,real_labelling,none,random_forest,43,RELEASE_2_0_0,1.9494199752807617,0.0,0.0,0.990482664853841,0.0013596193065941536,0.0,-0.0033463169790609233
08/02/2022 20:55:32,moodle,metrics,real_labelling,none,random_forest,44,RELEASE_2_0_1,2.054353952407837,0.0,0.0,0.9918505942275042,0.0,0.0,0.0
08/02/2022 20:55:34,moodle,metrics,real_labelling,none,random_forest,45,RELEASE_2_0_2,2.2193143367767334,0.0,0.0,0.9928934010152284,0.0,0.0,0.0
08/02/2022 20:55:37,moodle,metrics,real_labelling,none,random_forest,46,RELEASE_2_0_3,2.3799848556518555,0.0,0.0,0.9932773109243698,0.0,0.0,0.0
08/02/2022 20:55:40,moodle,metrics,real_labelling,none,random_forest,47,RELEASE_2_1_0,2.5099470615386963,0.0,0.0,0.9933899905571294,0.0,0.0,0.0
08/02/2022 20:55:44,moodle,metrics,real_labelling,none,random_forest,48,RELEASE_2_1_1,2.6498708724975586,0.0,0.0,0.9934107310950737,0.0,0.0,0.0
08/02/2022 20:55:47,moodle,metrics,real_labelling,none,random_forest,49,RELEASE_2_1_2,2.784902334213257,0.0,0.0,0.9940569283703472,0.0,0.0,0.0
08/02/2022 20:55:51,moodle,metrics,real_labelling,none,random_forest,50,RELEASE_2_1_3,2.9396779537200928,0.0,0.0,0.9959425717852685,0.0,0.0,0.0
08/02/2022 20:55:51,moodle,metrics,real_labelling,undersampling,kmeans,4,RELEASE_1_0_5,0.011929988861083984,0.0,0.0,0.9461538461538461,0.03076923076923077,0.0,-0.02738441640271498
08/02/2022 20:55:51,moodle,metrics,real_labelling,undersampling,kmeans,5,RELEASE_1_0_6,0.012108087539672852,0.0,0.0,0.9540229885057471,0.028735632183908046,0.0,-0.022782649144580475
08/02/2022 20:55:51,moodle,metrics,real_labelling,undersampling,kmeans,6,RELEASE_1_0_7,0.012044906616210938,0.0,0.0,0.9696969696969697,0.01893939393939394,0.0,-0.0148961999725068
08/02/2022 20:55:51,moodle,metrics,real_labelling,undersampling,kmeans,7,RELEASE_1_0_8,0.014097929000854492,0.0,0.0,0.9700598802395209,0.017964071856287425,0.0,-0.014890583938253495
08/02/2022 20:55:51,moodle,metrics,real_labelling,undersampling,kmeans,8,RELEASE_1_0_9,0.017874956130981445,0.0,0.0,0.966804979253112,0.022821576763485476,0.0,-0.015646301749836795
08/02/2022 20:55:51,moodle,metrics,real_labelling,undersampling,kmeans,9,RELEASE_1_1_0,0.015916824340820312,0.07142857142857142,0.14285714285714285,0.9667250437828371,0.024518388791593695,0.09523809523809523,0.08524736293966424
08/02/2022 20:55:51,moodle,metrics,real_labelling,undersampling,kmeans,10,RELEASE_1_1_1,0.02148914337158203,0.07142857142857142,0.14285714285714285,0.9675213675213675,0.023931623931623933,0.09523809523809523,0.08563157856310952
08/02/2022 20:55:51,moodle,metrics,real_labelling,undersampling,kmeans,11,RELEASE_1_2_0,0.020716190338134766,0.045454545454545456,0.1111111111111111,0.9746281714785652,0.019247594050743656,0.06451612903225805,0.0595648263204689
08/02/2022 20:55:51,moodle,metrics,real_labelling,undersampling,kmeans,12,RELEASE_1_2_1,0.019863128662109375,0.047619047619047616,0.1111111111111111,0.9755030621172354,0.01837270341207349,0.06666666666666667,0.06151974361704432
08/02/2022 20:55:51,moodle,metrics,real_labelling,undersampling,kmeans,13,RELEASE_1_3_0,0.027250289916992188,0.05555555555555555,0.1111111111111111,0.9820273184759166,0.012940330697340043,0.07407407407407407,0.0700979125823192
08/02/2022 20:55:51,moodle,metrics,real_labelling,undersampling,kmeans,14,RELEASE_1_3_1,0.03492093086242676,0.05555555555555555,0.1111111111111111,0.9849669272399278,0.010823812387251955,0.07407407407407407,0.07149447497289317
08/02/2022 20:55:52,moodle,metrics,real_labelling,undersampling,kmeans,15,RELEASE_1_3_2,0.028903722763061523,0.05555555555555555,0.1111111111111111,0.9849669272399278,0.010823812387251955,0.07407407407407407,0.07149447497289317
08/02/2022 20:55:52,moodle,metrics,real_labelling,undersampling,kmeans,16,RELEASE_1_3_3,0.04575157165527344,0.05555555555555555,0.1111111111111111,0.9849669272399278,0.010823812387251955,0.07407407407407407,0.07149447497289317
08/02/2022 20:55:52,moodle,metrics,real_labelling,undersampling,kmeans,17,RELEASE_1_3_4,0.008197307586669922,0.0025657472738935213,0.5,0.06253758268190018,0.9374624173180999,0.005105296745373325,-0.12561435273365812
08/02/2022 20:55:52,moodle,metrics,real_labelling,undersampling,kmeans,18,RELEASE_1_4_0,0.010097742080688477,0.04225352112676056,0.6666666666666666,0.941767909509845,0.05948889819857562,0.07947019867549668,0.15791786557147788
08/02/2022 20:55:52,moodle,metrics,real_labelling,undersampling,kmeans,19,RELEASE_1_4_1,0.00822591781616211,0.04225352112676056,0.6666666666666666,0.9418410041841004,0.059414225941422594,0.07947019867549668,0.15793064219898423
08/02/2022 20:55:52,moodle,metrics,real_labelling,undersampling,kmeans,20,RELEASE_1_4_2,0.008471965789794922,0.0423728813559322,0.625,0.9514644351464435,0.049372384937238493,0.07936507936507936,0.15398147279510818
08/02/2022 20:55:52,moodle,metrics,real_labelling,undersampling,kmeans,21,RELEASE_1_4_3,0.007651090621948242,0.04411764705882353,0.8571428571428571,0.9452569995821145,0.056832427914751356,0.08391608391608392,0.18723185567429673
08/02/2022 20:55:53,moodle,metrics,real_labelling,undersampling,kmeans,22,RELEASE_1_4_4,0.008807897567749023,0.04878048780487805,0.8571428571428571,0.9507512520868113,0.05133555926544241,0.0923076923076923,0.19765448871151386
08/02/2022 20:55:53,moodle,metrics,real_labelling,undersampling,kmeans,23,RELEASE_1_4_5,0.008101940155029297,0.05263157894736842,0.14285714285714285,0.99002079002079,0.0079002079002079,0.07692307692307693,0.08236120604172943
08/02/2022 20:55:53,moodle,metrics,real_labelling,undersampling,kmeans,24,RELEASE_1_5_0,0.012130022048950195,0.04938271604938271,0.8,0.9512347608627696,0.05064082525789309,0.09302325581395349,0.19138024497956643
08/02/2022 20:55:53,moodle,metrics,real_labelling,undersampling,kmeans,25,RELEASE_1_5_1,0.01114964485168457,0.05263157894736842,0.9,0.9493001555209953,0.053188180404354586,0.09944751381215469,0.21078198605460433
08/02/2022 20:55:54,moodle,metrics,real_labelling,undersampling,kmeans,26,RELEASE_1_5_2,0.010312080383300781,0.125,0.3,0.9912989434431324,0.0074580484773151025,0.17647058823529413,0.18983834427286567
08/02/2022 20:55:54,moodle,metrics,real_labelling,undersampling,kmeans,27,RELEASE_1_5_3,0.008586883544921875,0.12,0.3,0.9910796677945247,0.007689941556444171,0.17142857142857143,0.18587416385595518
08/02/2022 20:55:54,moodle,metrics,real_labelling,undersampling,kmeans,28,RELEASE_1_6_0,0.010400056838989258,0.04583333333333333,0.7857142857142857,0.7871559633027523,0.22018348623853212,0.08661417322834646,0.15567739596868416
08/02/2022 20:55:54,moodle,metrics,real_labelling,undersampling,kmeans,29,RELEASE_1_6_1,0.00943899154663086,0.047619047619047616,0.7857142857142857,0.7963470319634703,0.21095890410958903,0.08979591836734695,0.16031917718571678
08/02/2022 20:55:55,moodle,metrics,real_labelling,undersampling,kmeans,30,RELEASE_1_6_2,0.008793115615844727,0.04149377593360996,0.8333333333333334,0.7876025524156791,0.21969006381039197,0.07905138339920949,0.15586656090777334
08/02/2022 20:55:55,moodle,metrics,real_labelling,undersampling,kmeans,31,RELEASE_1_6_3,0.008136987686157227,0.11538461538461539,0.2727272727272727,0.9717668488160291,0.023679417122040074,0.16216216216216214,0.16477171068341787
08/02/2022 20:55:55,moodle,metrics,real_labelling,undersampling,kmeans,32,RELEASE_1_7_0,0.011432886123657227,0.03550295857988166,0.9230769230769231,0.7498087222647284,0.25860749808722266,0.06837606837606838,0.1521019874903785
08/02/2022 20:55:56,moodle,metrics,real_labelling,undersampling,kmeans,33,RELEASE_1_7_1,0.009554147720336914,0.1111111111111111,0.23076923076923078,0.9740458015267176,0.020610687022900764,0.15,0.14808968997387661
08/02/2022 20:55:56,moodle,metrics,real_labelling,undersampling,kmeans,34,RELEASE_1_7_2,0.011499881744384766,0.0009505703422053232,0.07692307692307693,0.18854961832061068,0.8030534351145038,0.0018779342723004694,-0.18279733298244083
08/02/2022 20:55:57,moodle,metrics,real_labelling,undersampling,kmeans,35,RELEASE_1_8_0,0.009799957275390625,0.005801305293691081,0.5714285714285714,0.04507628294036061,0.9563106796116505,0.01148600143575018,-0.18644059893750042
08/02/2022 20:55:57,moodle,metrics,real_labelling,undersampling,kmeans,36,RELEASE_1_8_1,0.007735013961791992,0.2,0.13333333333333333,0.9853146853146854,0.006993006993006993,0.16,0.156099412745107
08/02/2022 20:55:57,moodle,metrics,real_labelling,undersampling,kmeans,37,RELEASE_1_8_2,0.011532783508300781,0.10526315789473684,0.26666666666666666,0.9685534591194969,0.026554856743535988,0.1509433962264151,0.15370917850318483
08/02/2022 20:55:58,moodle,metrics,real_labelling,undersampling,kmeans,38,RELEASE_1_8_3,0.009201765060424805,0.1111111111111111,0.42857142857142855,0.9610027855153204,0.037604456824512536,0.17647058823529413,0.20391906378551883
08/02/2022 20:55:58,moodle,metrics,real_labelling,undersampling,kmeans,39,RELEASE_1_8_4,0.009063959121704102,0.09375,0.42857142857142855,0.9544513457556936,0.04416839199447895,0.15384615384615383,0.18478996737353595
08/02/2022 20:55:59,moodle,metrics,real_labelling,undersampling,kmeans,40,RELEASE_1_9_0,0.011131048202514648,0.04477611940298507,0.7058823529411765,0.8409506398537477,0.16331505179768435,0.08421052631578947,0.15017269693524724
08/02/2022 20:55:59,moodle,metrics,real_labelling,undersampling,kmeans,41,RELEASE_1_9_1,0.01632213592529297,0.00234192037470726,0.17647058823529413,0.21554341226472373,0.7777777777777778,0.004622496147919877,-0.14770851998903844
08/02/2022 20:56:00,moodle,metrics,real_labelling,undersampling,kmeans,42,RELEASE_1_9_2,0.008294105529785156,0.1,0.2222222222222222,0.9697336561743342,0.024213075060532687,0.13793103448275865,0.13520507963157435
08/02/2022 20:56:00,moodle,metrics,real_labelling,undersampling,kmeans,43,RELEASE_2_0_0,0.01099705696105957,0.0,0.0,0.9891230455472467,0.002719238613188307,0.0,-0.0047356316649218855
08/02/2022 20:56:01,moodle,metrics,real_labelling,undersampling,kmeans,44,RELEASE_2_0_1,0.010516881942749023,0.0,0.0,0.9891341256366724,0.0027164685908319186,0.0,-0.004730781203660734
08/02/2022 20:56:01,moodle,metrics,real_labelling,undersampling,kmeans,45,RELEASE_2_0_2,0.009988784790039062,0.0,0.0,0.990186125211506,0.0027072758037225042,0.0,-0.004407928265289111
08/02/2022 20:56:02,moodle,metrics,real_labelling,undersampling,kmeans,46,RELEASE_2_0_3,0.012365102767944336,0.0,0.0,0.9905882352941177,0.002689075630252101,0.0,-0.004271913748659478
08/02/2022 20:56:02,moodle,metrics,real_labelling,undersampling,kmeans,47,RELEASE_2_1_0,0.011541128158569336,0.0,0.0,0.99087189172175,0.0025180988353792886,0.0,-0.00409850079816031
08/02/2022 20:56:03,moodle,metrics,real_labelling,undersampling,kmeans,48,RELEASE_2_1_1,0.014240026473999023,0.0,0.0,0.9902729839974898,0.0031377470975839346,0.0,-0.004569256987911159
08/02/2022 20:56:03,moodle,metrics,real_labelling,undersampling,kmeans,49,RELEASE_2_1_2,0.01271510124206543,0.0,0.0,0.9915545824210197,0.0025023459493274947,0.0,-0.0038727332827204236
08/02/2022 20:56:04,moodle,metrics,real_labelling,undersampling,kmeans,50,RELEASE_2_1_3,0.012657880783081055,0.0,0.0,0.9934456928838952,0.0024968789013732834,0.0,-0.0031933747149094885
08/02/2022 20:56:04,moodle,metrics,real_labelling,undersampling,random_forest,4,RELEASE_1_0_5,0.11097908020019531,0.0,0.0,0.9769230769230769,0.0,0.0,0.0
08/02/2022 20:56:04,moodle,metrics,real_labelling,undersampling,random_forest,5,RELEASE_1_0_6,0.11776614189147949,0.0,0.0,0.9827586206896551,0.0,0.0,0.0
08/02/2022 20:56:05,moodle,metrics,real_labelling,undersampling,random_forest,6,RELEASE_1_0_7,0.11813497543334961,0.0,0.0,0.9886363636363636,0.0,0.0,0.0
08/02/2022 20:56:05,moodle,metrics,real_labelling,undersampling,random_forest,7,RELEASE_1_0_8,0.11329293251037598,0.0,0.0,0.9880239520958084,0.0,0.0,0.0
08/02/2022 20:56:05,moodle,metrics,real_labelling,undersampling,random_forest,8,RELEASE_1_0_9,0.12261605262756348,0.0,0.0,0.9896265560165975,0.0,0.0,0.0
08/02/2022 20:56:05,moodle,metrics,real_labelling,undersampling,random_forest,9,RELEASE_1_1_0,0.12929201126098633,0.0,0.0,0.9877408056042032,0.0,0.0,0.0
08/02/2022 20:56:05,moodle,metrics,real_labelling,undersampling,random_forest,10,RELEASE_1_1_1,0.12184619903564453,0.0,0.0,0.9880341880341881,0.0,0.0,0.0
08/02/2022 20:56:06,moodle,metrics,real_labelling,undersampling,random_forest,11,RELEASE_1_2_0,0.12613725662231445,0.0,0.0,0.9921259842519685,0.0,0.0,0.0
08/02/2022 20:56:06,moodle,metrics,real_labelling,undersampling,random_forest,12,RELEASE_1_2_1,0.1329958438873291,0.0,0.0,0.9921259842519685,0.0,0.0,0.0
08/02/2022 20:56:06,moodle,metrics,real_labelling,undersampling,random_forest,13,RELEASE_1_3_0,0.1438767910003662,0.0,0.0,0.9935298346513299,0.0,0.0,0.0
08/02/2022 20:56:06,moodle,metrics,real_labelling,undersampling,random_forest,14,RELEASE_1_3_1,0.15068316459655762,0.0,0.0,0.994588093806374,0.0,0.0,0.0
08/02/2022 20:56:07,moodle,metrics,real_labelling,undersampling,random_forest,15,RELEASE_1_3_2,0.16936779022216797,0.0,0.0,0.994588093806374,0.0,0.0,0.0
08/02/2022 20:56:07,moodle,metrics,real_labelling,undersampling,random_forest,16,RELEASE_1_3_3,0.1863539218902588,0.0,0.0,0.994588093806374,0.0,0.0,0.0
08/02/2022 20:56:07,moodle,metrics,real_labelling,undersampling,random_forest,17,RELEASE_1_3_4,0.10956287384033203,0.045454545454545456,0.5,0.947083583884546,0.052916416115454,0.08333333333333334,0.13884982993591666
08/02/2022 20:56:07,moodle,metrics,real_labelling,undersampling,random_forest,18,RELEASE_1_4_0,0.1139078140258789,0.04950495049504951,0.5555555555555556,0.9581064097193129,0.042312526183493925,0.0909090909090909,0.15685270342772184
08/02/2022 20:56:08,moodle,metrics,real_labelling,undersampling,random_forest,19,RELEASE_1_4_1,0.11395096778869629,0.058823529411764705,0.2222222222222222,0.9836820083682009,0.014225941422594143,0.09302325581395347,0.10798611720103898
08/02/2022 20:56:08,moodle,metrics,real_labelling,undersampling,random_forest,20,RELEASE_1_4_2,0.11753296852111816,0.047058823529411764,0.5,0.9644351464435147,0.03556485355648536,0.08602150537634408,0.14532896010539834
08/02/2022 20:56:08,moodle,metrics,real_labelling,undersampling,random_forest,21,RELEASE_1_4_3,0.11571097373962402,0.043859649122807015,0.7142857142857143,0.953614709569578,0.04763894692854158,0.08264462809917354,0.16952263263064768
08/02/2022 20:56:08,moodle,metrics,real_labelling,undersampling,random_forest,22,RELEASE_1_4_4,0.1163640022277832,0.026881720430107527,0.7142857142857143,0.9236227045075125,0.07762938230383973,0.05181347150259068,0.1287894275084242
08/02/2022 20:56:09,moodle,metrics,real_labelling,undersampling,random_forest,23,RELEASE_1_4_5,0.12491011619567871,0.034013605442176874,0.7142857142857143,0.9401247401247401,0.061122661122661126,0.06493506493506493,0.1473128004449405
08/02/2022 20:56:09,moodle,metrics,real_labelling,undersampling,random_forest,24,RELEASE_1_5_0,0.11842679977416992,0.03076923076923077,0.8,0.9206001875586121,0.08127539856205064,0.05925925925925926,0.1472865278382816
08/02/2022 20:56:09,moodle,metrics,real_labelling,undersampling,random_forest,25,RELEASE_1_5_1,0.11893200874328613,0.02040816326530612,0.6,0.9091757387247278,0.09144634525660965,0.039473684210526314,0.0985517399817558
08/02/2022 20:56:10,moodle,metrics,real_labelling,undersampling,random_forest,26,RELEASE_1_5_2,0.10920977592468262,0.01893939393939394,0.5,0.9179614667495338,0.08203853325046613,0.03649635036496351,0.08503503515846778
08/02/2022 20:56:10,moodle,metrics,real_labelling,undersampling,random_forest,27,RELEASE_1_5_3,0.10905909538269043,0.023076923076923078,0.6,0.9206398031374962,0.07997539218701938,0.044444444444444446,0.10648942171328865
08/02/2022 20:56:11,moodle,metrics,real_labelling,undersampling,random_forest,28,RELEASE_1_6_0,0.10851001739501953,0.024725274725274724,0.6428571428571429,0.6697247706422018,0.3339449541284404,0.047619047619047616,0.07471373066909963
08/02/2022 20:56:11,moodle,metrics,real_labelling,undersampling,random_forest,29,RELEASE_1_6_1,0.1079857349395752,0.023809523809523808,0.42857142857142855,0.7680365296803653,0.23013698630136986,0.04511278195488722,0.053649822222478195
08/02/2022 20:56:11,moodle,metrics,real_labelling,undersampling,random_forest,30,RELEASE_1_6_2,0.10676980018615723,0.018561484918793503,0.6666666666666666,0.6107566089334548,0.39288969917958066,0.03611738148984198,0.05895267830810909
08/02/2022 20:56:12,moodle,metrics,real_labelling,undersampling,random_forest,31,RELEASE_1_6_3,0.11115694046020508,0.013262599469496022,0.45454545454545453,0.6557377049180327,0.34335154826958103,0.02577319587628866,0.023557358468857537
08/02/2022 20:56:12,moodle,metrics,real_labelling,undersampling,random_forest,32,RELEASE_1_7_0,0.11024308204650879,0.021505376344086023,0.6153846153846154,0.7176740627390972,0.2846212700841622,0.041558441558441565,0.0734717231999573
08/02/2022 20:56:13,moodle,metrics,real_labelling,undersampling,random_forest,33,RELEASE_1_7_1,0.11354994773864746,0.016286644951140065,0.38461538461538464,0.7633587786259542,0.23435114503816795,0.03125,0.03551476681029114
08/02/2022 20:56:13,moodle,metrics,real_labelling,undersampling,random_forest,34,RELEASE_1_7_2,0.11558389663696289,0.02564102564102564,0.38461538461538464,0.8488549618320611,0.14885496183206107,0.04807692307692307,0.06631154489937474
08/02/2022 20:56:14,moodle,metrics,real_labelling,undersampling,random_forest,35,RELEASE_1_8_0,0.11266613006591797,0.015189873417721518,0.42857142857142855,0.7246879334257975,0.2739251040221914,0.029339853300733493,0.03433467086083068
08/02/2022 20:56:14,moodle,metrics,real_labelling,undersampling,random_forest,36,RELEASE_1_8_1,0.11156916618347168,0.01195219123505976,0.2,0.8181818181818182,0.17552447552447553,0.02255639097744361,0.006624325902633157
08/02/2022 20:56:15,moodle,metrics,real_labelling,undersampling,random_forest,37,RELEASE_1_8_2,0.11341619491577148,0.03389830508474576,0.4,0.8742138364779874,0.12368972746331237,0.0625,0.08638041105981834
08/02/2022 20:56:15,moodle,metrics,real_labelling,undersampling,random_forest,38,RELEASE_1_8_3,0.11365509033203125,0.036231884057971016,0.35714285714285715,0.9011142061281338,0.09610027855153204,0.06578947368421052,0.08788264530600935
08/02/2022 20:56:16,moodle,metrics,real_labelling,undersampling,random_forest,39,RELEASE_1_8_4,0.11272883415222168,0.024539877300613498,0.2857142857142857,0.883367839889579,0.11249137336093858,0.04519774011299435,0.054149880468096684
08/02/2022 20:56:16,moodle,metrics,real_labelling,undersampling,random_forest,40,RELEASE_1_9_0,0.11269497871398926,0.007692307692307693,0.058823529411764705,0.9116392443631932,0.07921998781230957,0.01360544217687075,-0.00772664368073207
08/02/2022 20:56:17,moodle,metrics,real_labelling,undersampling,random_forest,41,RELEASE_1_9_1,0.11200308799743652,0.011494252873563218,0.058823529411764705,0.9380692167577414,0.052823315118397086,0.019230769230769232,0.00273948605053293
08/02/2022 20:56:17,moodle,metrics,real_labelling,undersampling,random_forest,42,RELEASE_1_9_2,0.11348104476928711,0.01694915254237288,0.1111111111111111,0.9200968523002422,0.07142857142857142,0.02941176470588235,0.01617208611303772
08/02/2022 20:56:18,moodle,metrics,real_labelling,undersampling,random_forest,43,RELEASE_2_0_0,0.129655122756958,0.03856749311294766,0.5833333333333334,0.8779741672331747,0.12338545207341944,0.07235142118863049,0.12683388183064798
08/02/2022 20:56:19,moodle,metrics,real_labelling,undersampling,random_forest,44,RELEASE_2_0_1,0.13144516944885254,0.04291845493562232,0.4166666666666667,0.9195246179966045,0.07911714770797963,0.07782101167315175,0.11335477827810873
08/02/2022 20:56:19,moodle,metrics,real_labelling,undersampling,random_forest,45,RELEASE_2_0_2,0.13437891006469727,0.019704433497536946,0.19047619047619047,0.9269035532994924,0.06869712351945854,0.03571428571428571,0.04073216424938202
08/02/2022 20:56:20,moodle,metrics,real_labelling,undersampling,random_forest,46,RELEASE_2_0_3,0.13020896911621094,0.03164556962025317,0.25,0.9435294117647058,0.05310924369747899,0.05617977528089888,0.0722314919775237
08/02/2022 20:56:21,moodle,metrics,real_labelling,undersampling,random_forest,47,RELEASE_2_1_0,0.13214492797851562,0.025,0.09523809523809523,0.9694680516210261,0.025180988353792885,0.03960396039603961,0.03647497200559249
08/02/2022 20:56:21,moodle,metrics,real_labelling,undersampling,random_forest,48,RELEASE_2_1_1,0.13335871696472168,0.031746031746031744,0.19047619047619047,0.9563853153435833,0.039535613429557574,0.05442176870748299,0.06308488623260064
08/02/2022 20:56:22,moodle,metrics,real_labelling,undersampling,random_forest,49,RELEASE_2_1_2,0.13306093215942383,0.025974025974025976,0.10526315789473684,0.9712230215827338,0.024085079762277136,0.04166666666666667,0.04094101411736075
08/02/2022 20:56:23,moodle,metrics,real_labelling,undersampling,random_forest,50,RELEASE_2_1_3,0.1314389705657959,0.02112676056338028,0.23076923076923078,0.9534956304619226,0.04431960049937578,0.038709677419354833,0.05782498683769643
08/02/2022 20:56:23,moodle,metrics,real_labelling,oversampling,kmeans,4,RELEASE_1_0_5,0.012952089309692383,0.0,0.0,0.9461538461538461,0.03076923076923077,0.0,-0.02738441640271498
08/02/2022 20:56:23,moodle,metrics,real_labelling,oversampling,kmeans,5,RELEASE_1_0_6,0.014209985733032227,0.0,0.0,0.9540229885057471,0.028735632183908046,0.0,-0.022782649144580475
08/02/2022 20:56:23,moodle,metrics,real_labelling,oversampling,kmeans,6,RELEASE_1_0_7,0.012626171112060547,0.0,0.0,0.9696969696969697,0.01893939393939394,0.0,-0.0148961999725068
08/02/2022 20:56:23,moodle,metrics,real_labelling,oversampling,kmeans,7,RELEASE_1_0_8,0.01328277587890625,0.0,0.0,0.9700598802395209,0.017964071856287425,0.0,-0.014890583938253495
08/02/2022 20:56:23,moodle,metrics,real_labelling,oversampling,kmeans,8,RELEASE_1_0_9,0.018072128295898438,0.0,0.0,0.966804979253112,0.022821576763485476,0.0,-0.015646301749836795
08/02/2022 20:56:23,moodle,metrics,real_labelling,oversampling,kmeans,9,RELEASE_1_1_0,0.01927495002746582,0.07142857142857142,0.14285714285714285,0.9667250437828371,0.024518388791593695,0.09523809523809523,0.08524736293966424
08/02/2022 20:56:23,moodle,metrics,real_labelling,oversampling,kmeans,10,RELEASE_1_1_1,0.0185239315032959,0.07142857142857142,0.14285714285714285,0.9675213675213675,0.023931623931623933,0.09523809523809523,0.08563157856310952
08/02/2022 20:56:24,moodle,metrics,real_labelling,oversampling,kmeans,11,RELEASE_1_2_0,0.023305892944335938,0.045454545454545456,0.1111111111111111,0.9746281714785652,0.019247594050743656,0.06451612903225805,0.0595648263204689
08/02/2022 20:56:24,moodle,metrics,real_labelling,oversampling,kmeans,12,RELEASE_1_2_1,0.01949310302734375,0.047619047619047616,0.1111111111111111,0.9755030621172354,0.01837270341207349,0.06666666666666667,0.06151974361704432
08/02/2022 20:56:24,moodle,metrics,real_labelling,oversampling,kmeans,13,RELEASE_1_3_0,0.027428865432739258,0.05555555555555555,0.1111111111111111,0.9820273184759166,0.012940330697340043,0.07407407407407407,0.0700979125823192
08/02/2022 20:56:24,moodle,metrics,real_labelling,oversampling,kmeans,14,RELEASE_1_3_1,0.03067302703857422,0.05555555555555555,0.1111111111111111,0.9849669272399278,0.010823812387251955,0.07407407407407407,0.07149447497289317
08/02/2022 20:56:24,moodle,metrics,real_labelling,oversampling,kmeans,15,RELEASE_1_3_2,0.03701901435852051,0.05555555555555555,0.1111111111111111,0.9849669272399278,0.010823812387251955,0.07407407407407407,0.07149447497289317
08/02/2022 20:56:24,moodle,metrics,real_labelling,oversampling,kmeans,16,RELEASE_1_3_3,0.03948092460632324,0.05555555555555555,0.1111111111111111,0.9849669272399278,0.010823812387251955,0.07407407407407407,0.07149447497289317
08/02/2022 20:56:24,moodle,metrics,real_labelling,oversampling,kmeans,17,RELEASE_1_3_4,0.03810000419616699,0.037383177570093455,0.5,0.9356584485868912,0.06434155141310884,0.06956521739130435,0.1234490349069668
08/02/2022 20:56:25,moodle,metrics,real_labelling,oversampling,kmeans,18,RELEASE_1_4_0,0.04706406593322754,0.03816793893129771,0.5555555555555556,0.9455383326351068,0.05488060326770004,0.07142857142857144,0.13524412803790392
08/02/2022 20:56:25,moodle,metrics,real_labelling,oversampling,kmeans,19,RELEASE_1_4_1,0.06595301628112793,0.03787878787878788,0.5555555555555556,0.9451882845188284,0.055230125523012555,0.07092198581560284,0.1346613924393815
08/02/2022 20:56:25,moodle,metrics,real_labelling,oversampling,kmeans,20,RELEASE_1_4_2,0.05470418930053711,0.03937007874015748,0.625,0.9476987447698745,0.05313807531380753,0.07407407407407407,0.14774713224573022
08/02/2022 20:56:25,moodle,metrics,real_labelling,oversampling,kmeans,21,RELEASE_1_4_3,0.0722188949584961,0.03875968992248062,0.7142857142857143,0.9473464270789803,0.053907229419139155,0.07352941176470588,0.15838583847834684
08/02/2022 20:56:25,moodle,metrics,real_labelling,oversampling,kmeans,22,RELEASE_1_4_4,0.08002877235412598,0.043478260869565216,0.7142857142857143,0.9532554257095158,0.047996661101836396,0.08196721311475409,0.16872478138654307
08/02/2022 20:56:26,moodle,metrics,real_labelling,oversampling,kmeans,23,RELEASE_1_4_5,0.10248589515686035,0.0008733624454148472,0.2857142857142857,0.04656964656964657,0.9521829521829522,0.0017414018284719196,-0.1687534211927037
08/02/2022 20:56:26,moodle,metrics,real_labelling,oversampling,kmeans,24,RELEASE_1_5_0,0.09327197074890137,0.05194805194805195,0.8,0.9537355423569865,0.04814004376367615,0.0975609756097561,0.19668440515363778
08/02/2022 20:56:26,moodle,metrics,real_labelling,oversampling,kmeans,25,RELEASE_1_5_1,0.07221794128417969,0.05128205128205128,0.8,0.9533437013996889,0.04852255054432349,0.09638554216867469,0.19535785374655917
08/02/2022 20:56:27,moodle,metrics,real_labelling,oversampling,kmeans,26,RELEASE_1_5_2,0.08551573753356934,0.05128205128205128,0.8,0.9533871970167807,0.048477315102548164,0.09638554216867469,0.19536468524909878
08/02/2022 20:56:27,moodle,metrics,real_labelling,oversampling,kmeans,27,RELEASE_1_5_3,0.08985018730163574,0.125,0.3,0.9913872654567826,0.007382343894186404,0.17647058823529413,0.18987722572872667
08/02/2022 20:56:28,moodle,metrics,real_labelling,oversampling,kmeans,28,RELEASE_1_6_0,0.09718513488769531,0.11538461538461539,0.21428571428571427,0.9688073394495413,0.023853211009174313,0.15,0.14235344067784828
08/02/2022 20:56:28,moodle,metrics,real_labelling,oversampling,kmeans,29,RELEASE_1_6_1,0.10399079322814941,0.11538461538461539,0.21428571428571427,0.9689497716894977,0.023744292237442923,0.15,0.14242268388253493
08/02/2022 20:56:28,moodle,metrics,real_labelling,oversampling,kmeans,30,RELEASE_1_6_2,0.10689401626586914,0.11538461538461539,0.25,0.9708295350957156,0.023701002734731084,0.15789473684210525,0.1564528942680129
08/02/2022 20:56:29,moodle,metrics,real_labelling,oversampling,kmeans,31,RELEASE_1_6_3,0.13081812858581543,0.12,0.2727272727272727,0.9726775956284153,0.022768670309653915,0.16666666666666666,0.16857071662420345
08/02/2022 20:56:29,moodle,metrics,real_labelling,oversampling,kmeans,32,RELEASE_1_7_0,0.1305859088897705,0.1111111111111111,0.23076923076923078,0.9739862280030605,0.020657995409334353,0.15,0.1480616329658072
08/02/2022 20:56:30,moodle,metrics,real_labelling,oversampling,kmeans,33,RELEASE_1_7_1,0.128220796585083,0.1111111111111111,0.23076923076923078,0.9740458015267176,0.020610687022900764,0.15,0.14808968997387661
08/02/2022 20:56:30,moodle,metrics,real_labelling,oversampling,kmeans,34,RELEASE_1_7_2,0.1368420124053955,0.1111111111111111,0.23076923076923078,0.9740458015267176,0.020610687022900764,0.15,0.14808968997387661
08/02/2022 20:56:31,moodle,metrics,real_labelling,oversampling,kmeans,35,RELEASE_1_8_0,0.14106106758117676,0.11538461538461539,0.21428571428571427,0.9764216366158114,0.018030513176144243,0.15,0.14603873048830174
08/02/2022 20:56:31,moodle,metrics,real_labelling,oversampling,kmeans,36,RELEASE_1_8_1,0.1409289836883545,0.10714285714285714,0.2,0.9741258741258741,0.019580419580419582,0.13953488372093023,0.13407076673750873
08/02/2022 20:56:32,moodle,metrics,real_labelling,oversampling,kmeans,37,RELEASE_1_8_2,0.1458280086517334,0.11538461538461539,0.2,0.9755415793151643,0.01816911250873515,0.14634146341463417,0.14011881602755444
08/02/2022 20:56:33,moodle,metrics,real_labelling,oversampling,kmeans,38,RELEASE_1_8_3,0.15195894241333008,0.11538461538461539,0.21428571428571427,0.9763231197771588,0.018105849582172703,0.15,0.14599126103884705
08/02/2022 20:56:33,moodle,metrics,real_labelling,oversampling,kmeans,39,RELEASE_1_8_4,0.14838814735412598,0.12,0.21428571428571427,0.9772256728778468,0.01725327812284334,0.15384615384615383,0.14945800500132156
08/02/2022 20:56:34,moodle,metrics,real_labelling,oversampling,kmeans,40,RELEASE_1_9_0,0.1612107753753662,0.10344827586206896,0.17647058823529413,0.975624619134674,0.017672151127361365,0.13043478260869565,0.12331182786522925
08/02/2022 20:56:34,moodle,metrics,real_labelling,oversampling,kmeans,41,RELEASE_1_9_1,0.18788790702819824,0.10344827586206896,0.17647058823529413,0.9757134183363692,0.017607771706132362,0.13043478260869565,0.12335542618793346
08/02/2022 20:56:35,moodle,metrics,real_labelling,oversampling,kmeans,42,RELEASE_1_9_2,0.17597293853759766,0.10344827586206896,0.16666666666666666,0.975181598062954,0.017554479418886198,0.1276595744680851,0.11917225336477769
08/02/2022 20:56:36,moodle,metrics,real_labelling,oversampling,kmeans,43,RELEASE_2_0_0,0.13464093208312988,0.0081799591002045,1.0,0.010876954452753228,0.9972807613868117,0.016227180527383367,0.0047356316649218855
08/02/2022 20:56:36,moodle,metrics,real_labelling,oversampling,kmeans,44,RELEASE_2_0_1,0.17081284523010254,0.008171603677221655,1.0,0.010865874363327675,0.997283531409168,0.016210739614994935,0.004730781203660734
08/02/2022 20:56:37,moodle,metrics,real_labelling,oversampling,kmeans,45,RELEASE_2_0_2,0.14980101585388184,0.0,0.0,0.990186125211506,0.0027072758037225042,0.0,-0.004407928265289111
08/02/2022 20:56:38,moodle,metrics,real_labelling,oversampling,kmeans,46,RELEASE_2_0_3,0.16596198081970215,0.0,0.0,0.9905882352941177,0.002689075630252101,0.0,-0.004271913748659478
08/02/2022 20:56:39,moodle,metrics,real_labelling,oversampling,kmeans,47,RELEASE_2_1_0,0.17350506782531738,0.0,0.0,0.99087189172175,0.0025180988353792886,0.0,-0.00409850079816031
08/02/2022 20:56:39,moodle,metrics,real_labelling,oversampling,kmeans,48,RELEASE_2_1_1,0.1940450668334961,0.0,0.0,0.9909005334170066,0.0025101976780671476,0.0,-0.004085581907600221
08/02/2022 20:56:40,moodle,metrics,real_labelling,oversampling,kmeans,49,RELEASE_2_1_2,0.19402122497558594,0.0,0.0,0.9915545824210197,0.0025023459493274947,0.0,-0.0038727332827204236
08/02/2022 20:56:41,moodle,metrics,real_labelling,oversampling,kmeans,50,RELEASE_2_1_3,0.17276906967163086,0.004068857589984351,1.0,0.00686641697877653,0.9971910112359551,0.008104738154613466,0.0033876153925128266
08/02/2022 20:56:41,moodle,metrics,real_labelling,oversampling,random_forest,4,RELEASE_1_0_5,0.11771583557128906,0.0,0.0,0.9769230769230769,0.0,0.0,0.0
08/02/2022 20:56:41,moodle,metrics,real_labelling,oversampling,random_forest,5,RELEASE_1_0_6,0.11987805366516113,0.0,0.0,0.9827586206896551,0.0,0.0,0.0
08/02/2022 20:56:42,moodle,metrics,real_labelling,oversampling,random_forest,6,RELEASE_1_0_7,0.11855697631835938,0.0,0.0,0.9886363636363636,0.0,0.0,0.0
08/02/2022 20:56:42,moodle,metrics,real_labelling,oversampling,random_forest,7,RELEASE_1_0_8,0.11022114753723145,0.0,0.0,0.9880239520958084,0.0,0.0,0.0
08/02/2022 20:56:42,moodle,metrics,real_labelling,oversampling,random_forest,8,RELEASE_1_0_9,0.12481093406677246,0.0,0.0,0.9896265560165975,0.0,0.0,0.0
08/02/2022 20:56:42,moodle,metrics,real_labelling,oversampling,random_forest,9,RELEASE_1_1_0,0.13085579872131348,0.0,0.0,0.9877408056042032,0.0,0.0,0.0
08/02/2022 20:56:42,moodle,metrics,real_labelling,oversampling,random_forest,10,RELEASE_1_1_1,0.12282824516296387,0.0,0.0,0.9880341880341881,0.0,0.0,0.0
08/02/2022 20:56:43,moodle,metrics,real_labelling,oversampling,random_forest,11,RELEASE_1_2_0,0.12703704833984375,0.0,0.0,0.9921259842519685,0.0,0.0,0.0
08/02/2022 20:56:43,moodle,metrics,real_labelling,oversampling,random_forest,12,RELEASE_1_2_1,0.1284499168395996,0.0,0.0,0.9921259842519685,0.0,0.0,0.0
08/02/2022 20:56:43,moodle,metrics,real_labelling,oversampling,random_forest,13,RELEASE_1_3_0,0.14495205879211426,0.0,0.0,0.9935298346513299,0.0,0.0,0.0
08/02/2022 20:56:43,moodle,metrics,real_labelling,oversampling,random_forest,14,RELEASE_1_3_1,0.14841103553771973,0.0,0.0,0.994588093806374,0.0,0.0,0.0
08/02/2022 20:56:44,moodle,metrics,real_labelling,oversampling,random_forest,15,RELEASE_1_3_2,0.16899514198303223,0.0,0.0,0.994588093806374,0.0,0.0,0.0
08/02/2022 20:56:44,moodle,metrics,real_labelling,oversampling,random_forest,16,RELEASE_1_3_3,0.18819904327392578,0.0,0.0,0.994588093806374,0.0,0.0,0.0
08/02/2022 20:56:45,moodle,metrics,real_labelling,oversampling,random_forest,17,RELEASE_1_3_4,0.8122632503509521,0.0,0.0,0.994588093806374,0.0006013229104028864,0.0,-0.0017054165951285501
08/02/2022 20:56:46,moodle,metrics,real_labelling,oversampling,random_forest,18,RELEASE_1_4_0,1.0093860626220703,0.0,0.0,0.9953917050691244,0.0008378718056137411,0.0,-0.0017815012676800097
08/02/2022 20:56:47,moodle,metrics,real_labelling,oversampling,random_forest,19,RELEASE_1_4_1,1.3328042030334473,0.0,0.0,0.996234309623431,0.0,0.0,0.0
08/02/2022 20:56:49,moodle,metrics,real_labelling,oversampling,random_forest,20,RELEASE_1_4_2,1.5631351470947266,0.0,0.0,0.9966527196652719,0.0,0.0,0.0
08/02/2022 20:56:51,moodle,metrics,real_labelling,oversampling,random_forest,21,RELEASE_1_4_3,1.734307050704956,0.0,0.0,0.9970748015043878,0.0,0.0,0.0
08/02/2022 20:56:54,moodle,metrics,real_labelling,oversampling,random_forest,22,RELEASE_1_4_4,2.730041027069092,0.0,0.0,0.9970784641068448,0.0,0.0,0.0
08/02/2022 20:56:57,moodle,metrics,real_labelling,oversampling,random_forest,23,RELEASE_1_4_5,3.031667947769165,0.0,0.0,0.9970893970893971,0.0,0.0,0.0
08/02/2022 20:57:01,moodle,metrics,real_labelling,oversampling,random_forest,24,RELEASE_1_5_0,3.239198923110962,0.0,0.0,0.9968740231322288,0.0,0.0,0.0
08/02/2022 20:57:05,moodle,metrics,real_labelling,oversampling,random_forest,25,RELEASE_1_5_1,3.7019572257995605,0.0,0.0,0.9968895800933126,0.0,0.0,0.0
08/02/2022 20:57:09,moodle,metrics,real_labelling,oversampling,random_forest,26,RELEASE_1_5_2,4.3700501918792725,0.0,0.0,0.9968924798011187,0.0,0.0,0.0
08/02/2022 20:57:14,moodle,metrics,real_labelling,oversampling,random_forest,27,RELEASE_1_5_3,4.715903997421265,0.0,0.0,0.9969240233774224,0.0,0.0,0.0
08/02/2022 20:57:20,moodle,metrics,real_labelling,oversampling,random_forest,28,RELEASE_1_6_0,5.345294237136841,0.0,0.0,0.9871559633027523,0.0,0.0,0.0
08/02/2022 20:57:26,moodle,metrics,real_labelling,oversampling,random_forest,29,RELEASE_1_6_1,5.391325235366821,0.0,0.0,0.9872146118721461,0.0,0.0,0.0
08/02/2022 20:57:32,moodle,metrics,real_labelling,oversampling,random_forest,30,RELEASE_1_6_2,5.742438793182373,0.0,0.0,0.9890610756608933,0.0,0.0,0.0
08/02/2022 20:57:39,moodle,metrics,real_labelling,oversampling,random_forest,31,RELEASE_1_6_3,7.298352241516113,0.0,0.0,0.9890710382513661,0.0009107468123861566,0.0,-0.003037234026932823
08/02/2022 20:57:47,moodle,metrics,real_labelling,oversampling,random_forest,32,RELEASE_1_7_0,7.501309156417847,0.0,0.0,0.9892884468247896,0.0007651109410864575,0.0,-0.002773530521845235
08/02/2022 20:57:55,moodle,metrics,real_labelling,oversampling,random_forest,33,RELEASE_1_7_1,7.875254154205322,0.0,0.0,0.9900763358778626,0.0,0.0,0.0
08/02/2022 20:58:04,moodle,metrics,real_labelling,oversampling,random_forest,34,RELEASE_1_7_2,8.125191926956177,0.0,0.0,0.9900763358778626,0.0,0.0,0.0
08/02/2022 20:58:13,moodle,metrics,real_labelling,oversampling,random_forest,35,RELEASE_1_8_0,8.380679845809937,0.0,0.0,0.9902912621359223,0.0,0.0,0.0
08/02/2022 20:58:22,moodle,metrics,real_labelling,oversampling,random_forest,36,RELEASE_1_8_1,8.744434833526611,0.0,0.0,0.9895104895104895,0.0,0.0,0.0
08/02/2022 20:58:31,moodle,metrics,real_labelling,oversampling,random_forest,37,RELEASE_1_8_2,8.776390075683594,0.0,0.0,0.989517819706499,0.0,0.0,0.0
08/02/2022 20:58:41,moodle,metrics,real_labelling,oversampling,random_forest,38,RELEASE_1_8_3,9.218885898590088,0.0,0.0,0.9902506963788301,0.0,0.0,0.0
08/02/2022 20:58:51,moodle,metrics,real_labelling,oversampling,random_forest,39,RELEASE_1_8_4,9.29659914970398,0.0,0.0,0.9903381642512077,0.0,0.0,0.0
08/02/2022 20:59:01,moodle,metrics,real_labelling,oversampling,random_forest,40,RELEASE_1_9_0,9.805451154708862,0.0,0.0,0.9896404631322364,0.0,0.0,0.0
08/02/2022 20:59:11,moodle,metrics,real_labelling,oversampling,random_forest,41,RELEASE_1_9_1,10.173650979995728,0.0,0.0,0.9896782027929569,0.0,0.0,0.0
08/02/2022 20:59:22,moodle,metrics,real_labelling,oversampling,random_forest,42,RELEASE_1_9_2,10.407629251480103,0.0,0.0,0.9891041162227603,0.0,0.0,0.0
08/02/2022 20:59:36,moodle,metrics,real_labelling,oversampling,random_forest,43,RELEASE_2_0_0,12.916114330291748,0.0,0.0,0.9915023793337865,0.0003399048266485384,0.0,-0.0016723049097676402
08/02/2022 20:59:50,moodle,metrics,real_labelling,oversampling,random_forest,44,RELEASE_2_0_1,13.906201839447021,0.0,0.0,0.9918505942275042,0.0,0.0,0.0
08/02/2022 21:00:06,moodle,metrics,real_labelling,oversampling,random_forest,45,RELEASE_2_0_2,14.867630004882812,0.0,0.0,0.9928934010152284,0.0,0.0,0.0
08/02/2022 21:00:22,moodle,metrics,real_labelling,oversampling,random_forest,46,RELEASE_2_0_3,15.977788925170898,0.0,0.0,0.9932773109243698,0.0,0.0,0.0
08/02/2022 21:00:40,moodle,metrics,real_labelling,oversampling,random_forest,47,RELEASE_2_1_0,16.974534034729004,0.0,0.0,0.9933899905571294,0.0,0.0,0.0
08/02/2022 21:00:58,moodle,metrics,real_labelling,oversampling,random_forest,48,RELEASE_2_1_1,17.70119881629944,0.0,0.0,0.9934107310950737,0.0,0.0,0.0
08/02/2022 21:01:18,moodle,metrics,real_labelling,oversampling,random_forest,49,RELEASE_2_1_2,18.873231649398804,0.0,0.0,0.9940569283703472,0.0,0.0,0.0
08/02/2022 21:01:38,moodle,metrics,real_labelling,oversampling,random_forest,50,RELEASE_2_1_3,19.920624256134033,0.0,0.0,0.9959425717852685,0.0,0.0,0.0
