date_time,dataset,approach,validation,balancing,classifier,num_training_set_releases,test_set_release,vocabulary_building_time,frequency_vectors_building_time,fit_time,precision,recall,accuracy,inspection_rate,f1_score,mcc
22/06/2023 08:58:43,phpmyadmin,metrics,release_based,none,random_forest,3,RELEASE_3_4_1,-1,-1,0.13228607177734375,1.0,1.0,1.0,0.0594059405940594,1.0,1.0
22/06/2023 08:58:43,phpmyadmin,metrics,release_based,none,random_forest,3,RELEASE_3_2_5,-1,-1,0.1303699016571045,1.0,0.36,0.9470198675496688,0.029801324503311258,0.5294117647058824,0.5833877757789647
22/06/2023 08:58:43,phpmyadmin,metrics,release_based,none,random_forest,3,RELEASE_3_4_3,-1,-1,0.13745784759521484,1.0,1.0,1.0,0.0594059405940594,1.0,1.0
22/06/2023 08:58:43,phpmyadmin,metrics,release_based,none,random_forest,3,RELEASE_2_10_2,-1,-1,0.13109612464904785,0.6,0.2727272727272727,0.9367088607594937,0.03164556962025317,0.37499999999999994,0.3767283430341456
22/06/2023 08:58:43,phpmyadmin,metrics,release_based,none,random_forest,3,RELEASE_2_10_3,-1,-1,0.13567280769348145,1.0,0.9545454545454546,0.9968354430379747,0.06645569620253164,0.9767441860465117,0.975351068714189
22/06/2023 08:58:44,phpmyadmin,metrics,release_based,none,random_forest,3,RELEASE_3_4_2,-1,-1,0.1565847396850586,1.0,1.0,1.0,0.0594059405940594,1.0,1.0
22/06/2023 08:58:44,phpmyadmin,metrics,release_based,none,random_forest,3,RELEASE_3_2_4,-1,-1,0.18498802185058594,0.9,0.36,0.9437086092715232,0.033112582781456956,0.5142857142857143,0.5488375800575414
22/06/2023 08:58:44,phpmyadmin,metrics,release_based,none,random_forest,3,RELEASE_2_09_2,-1,-1,0.14400577545166016,0.9285714285714286,0.6190476190476191,0.9702970297029703,0.0462046204620462,0.742857142857143,0.7446469103779071
22/06/2023 08:58:44,phpmyadmin,metrics,release_based,none,random_forest,3,RELEASE_3_2_0,-1,-1,0.13479089736938477,1.0,0.9259259259259259,0.9933333333333333,0.08333333333333333,0.9615384615384615,0.9587449708822046
22/06/2023 08:58:44,phpmyadmin,metrics,release_based,none,random_forest,3,RELEASE_3_4_6,-1,-1,0.1286170482635498,0.4090909090909091,0.75,0.9464882943143813,0.07357859531772576,0.5294117647058824,0.529769534898676
22/06/2023 08:58:44,phpmyadmin,metrics,release_based,none,random_forest,3,RELEASE_3_4_7,-1,-1,0.1336209774017334,1.0,1.0,1.0,0.04013377926421405,1.0,1.0
22/06/2023 08:58:45,phpmyadmin,metrics,release_based,none,random_forest,3,RELEASE_3_0_1,-1,-1,0.13798213005065918,1.0,0.7142857142857143,0.9709090909090909,0.07272727272727272,0.8333333333333333,0.8317912903488953
22/06/2023 08:58:45,phpmyadmin,metrics,release_based,none,random_forest,3,RELEASE_3_2_3,-1,-1,0.12894606590270996,0.9130434782608695,0.84,0.9801324503311258,0.076158940397351,0.8749999999999999,0.8651153997892539
22/06/2023 08:58:45,phpmyadmin,metrics,release_based,none,random_forest,3,RELEASE_3_4_5,-1,-1,0.13170504570007324,1.0,1.0,1.0,0.04013377926421405,1.0,1.0
22/06/2023 08:58:45,phpmyadmin,metrics,release_based,none,random_forest,3,RELEASE_3_4_4,-1,-1,0.13193106651306152,1.0,0.9166666666666666,0.9966996699669967,0.036303630363036306,0.9565217391304348,0.9557862717471275
22/06/2023 08:58:45,phpmyadmin,metrics,release_based,none,random_forest,3,RELEASE_3_2_2,-1,-1,0.13663935661315918,1.0,0.9259259259259259,0.9933774834437086,0.08278145695364239,0.9615384615384615,0.9587703271269759
22/06/2023 08:58:45,phpmyadmin,metrics,release_based,none,random_forest,3,RELEASE_3_0_0,-1,-1,0.1315007209777832,1.0,0.7142857142857143,0.9709090909090909,0.07272727272727272,0.8333333333333333,0.8317912903488953
22/06/2023 08:58:45,phpmyadmin,metrics,release_based,none,random_forest,3,RELEASE_2_11_2,-1,-1,0.1318378448486328,0.9166666666666666,0.44,0.9546827794561934,0.03625377643504532,0.5945945945945945,0.6173902881114489
22/06/2023 08:58:46,phpmyadmin,metrics,release_based,none,random_forest,3,RELEASE_3_5_3,-1,-1,0.1315290927886963,0.3684210526315789,0.7777777777777778,0.9570552147239264,0.05828220858895705,0.5,0.51747736644603
22/06/2023 08:58:46,phpmyadmin,metrics,release_based,none,random_forest,3,RELEASE_3_3_5,-1,-1,0.13742280006408691,0.8947368421052632,0.6296296296296297,0.9627329192546584,0.059006211180124224,0.7391304347826088,0.7326190752684482
22/06/2023 08:58:46,phpmyadmin,metrics,release_based,none,random_forest,3,RELEASE_3_3_4,-1,-1,0.1417980194091797,1.0,1.0,1.0,0.08385093167701864,1.0,1.0
22/06/2023 08:58:46,phpmyadmin,metrics,release_based,none,random_forest,3,RELEASE_2_08_2,-1,-1,0.13892197608947754,0.7142857142857143,0.2,0.9276315789473685,0.023026315789473683,0.3125,0.353201820755808
22/06/2023 08:58:46,phpmyadmin,metrics,release_based,none,random_forest,3,RELEASE_3_5_2,-1,-1,0.13498306274414062,0.2857142857142857,0.3076923076923077,0.941717791411043,0.04294478527607362,0.29629629629629634,0.2661384953114938
22/06/2023 08:58:46,phpmyadmin,metrics,release_based,none,random_forest,3,RELEASE_2_11_3,-1,-1,0.14113211631774902,0.8571428571428571,0.5,0.9577039274924471,0.04229607250755287,0.631578947368421,0.6358510854597682
22/06/2023 08:58:47,phpmyadmin,metrics,release_based,none,random_forest,3,RELEASE_2_11_1,-1,-1,0.13548803329467773,1.0,0.88,0.9909365558912386,0.06646525679758308,0.9361702127659575,0.9335182433566104
22/06/2023 08:58:47,phpmyadmin,metrics,release_based,none,random_forest,3,RELEASE_3_5_0,-1,-1,0.13288187980651855,1.0,1.0,1.0,0.03951367781155015,1.0,1.0
22/06/2023 08:58:47,phpmyadmin,metrics,release_based,none,random_forest,3,RELEASE_2_08_0,-1,-1,0.13281464576721191,0.75,0.2857142857142857,0.9435215946843853,0.026578073089700997,0.4137931034482759,0.44121110082916154
22/06/2023 08:58:47,phpmyadmin,metrics,release_based,none,random_forest,3,RELEASE_3_3_6,-1,-1,0.13642406463623047,0.6666666666666666,0.3,0.9472049689440993,0.027950310559006212,0.41379310344827586,0.4247390672981924
22/06/2023 08:58:47,phpmyadmin,metrics,release_based,none,random_forest,3,RELEASE_3_1_4,-1,-1,0.13755273818969727,1.0,0.4444444444444444,0.9498327759197325,0.04013377926421405,0.6153846153846153,0.649011279353322
22/06/2023 08:58:47,phpmyadmin,metrics,release_based,none,random_forest,3,RELEASE_3_1_5,-1,-1,0.13309907913208008,1.0,0.9629629629629629,0.9966555183946488,0.08695652173913043,0.9811320754716981,0.9795078489232706
22/06/2023 08:58:48,phpmyadmin,metrics,release_based,none,random_forest,3,RELEASE_3_3_7,-1,-1,0.1302471160888672,0.95,1.0,0.9968944099378882,0.062111801242236024,0.9743589743589743,0.9730697233336607
22/06/2023 08:58:48,phpmyadmin,metrics,release_based,none,random_forest,3,RELEASE_2_08_1,-1,-1,0.13054418563842773,0.6,0.24,0.9245901639344263,0.03278688524590164,0.34285714285714286,0.3476938900271726
22/06/2023 08:58:48,phpmyadmin,metrics,release_based,none,random_forest,3,RELEASE_3_5_1,-1,-1,0.13502717018127441,0.42857142857142855,0.46153846153846156,0.9539877300613497,0.04294478527607362,0.4444444444444445,0.42079295069749556
22/06/2023 08:58:48,phpmyadmin,metrics,release_based,none,random_forest,3,RELEASE_2_11_0,-1,-1,0.14332294464111328,0.7272727272727273,0.32,0.9397590361445783,0.03313253012048193,0.4444444444444444,0.4573738647681812
22/06/2023 08:58:48,phpmyadmin,metrics,release_based,none,random_forest,3,RELEASE_2_11_4,-1,-1,0.13616299629211426,0.9565217391304348,0.9166666666666666,0.9909365558912386,0.06948640483383686,0.9361702127659574,0.9315388659346503
22/06/2023 08:58:48,phpmyadmin,metrics,release_based,none,random_forest,3,RELEASE_4_0_9,-1,-1,0.13147330284118652,0.0,0.0,0.9850374064837906,0.014962593516209476,0.0,0.0
22/06/2023 08:58:49,phpmyadmin,metrics,release_based,none,random_forest,3,RELEASE_3_5_5,-1,-1,0.13623404502868652,0.0,0.0,0.9541284403669725,0.01834862385321101,0.0,-0.023000157168277646
22/06/2023 08:58:49,phpmyadmin,metrics,release_based,none,random_forest,3,RELEASE_3_3_3,-1,-1,0.14283013343811035,1.0,0.2962962962962963,0.9409937888198758,0.024844720496894408,0.45714285714285713,0.5276054771456
22/06/2023 08:58:49,phpmyadmin,metrics,release_based,none,random_forest,3,RELEASE_3_1_1,-1,-1,0.14742779731750488,1.0,0.5172413793103449,0.9531772575250836,0.05016722408026756,0.6818181818181819,0.7012442975435164
22/06/2023 08:58:49,phpmyadmin,metrics,release_based,none,random_forest,3,RELEASE_3_1_0,-1,-1,0.13908696174621582,1.0,0.9333333333333333,0.9933110367892977,0.09364548494983277,0.9655172413793104,0.962520267034749
22/06/2023 08:58:49,phpmyadmin,metrics,release_based,none,random_forest,3,RELEASE_3_3_2,-1,-1,0.12853288650512695,1.0,0.9629629629629629,0.9968944099378882,0.08074534161490683,0.9811320754716981,0.9796477477694264
22/06/2023 08:58:49,phpmyadmin,metrics,release_based,none,random_forest,3,RELEASE_3_5_4,-1,-1,0.12981605529785156,0.3,0.6666666666666666,0.9478527607361963,0.06134969325153374,0.41379310344827586,0.42502684820420233
22/06/2023 08:58:49,phpmyadmin,metrics,release_based,none,random_forest,3,RELEASE_4_0_8,-1,-1,0.1402440071105957,0.0,0.0,0.9875311720698254,0.012468827930174564,0.0,0.0
22/06/2023 08:58:50,phpmyadmin,metrics,release_based,none,random_forest,3,RELEASE_2_11_5,-1,-1,0.14545798301696777,0.8571428571428571,0.25,0.9425981873111783,0.021148036253776436,0.3870967741935483,0.44473114557130633
22/06/2023 08:58:50,phpmyadmin,metrics,release_based,none,random_forest,3,RELEASE_2_11_7,-1,-1,0.1435849666595459,1.0,0.8333333333333334,0.9879154078549849,0.06042296072507553,0.9090909090909091,0.9069813778249965
22/06/2023 08:58:50,phpmyadmin,metrics,release_based,none,random_forest,3,RELEASE_3_5_6,-1,-1,0.13575291633605957,0.0,0.0,0.9541284403669725,0.01834862385321101,0.0,-0.023000157168277646
22/06/2023 08:58:50,phpmyadmin,metrics,release_based,none,random_forest,3,RELEASE_3_3_0,-1,-1,0.13284826278686523,0.8461538461538461,0.4074074074074074,0.9439252336448598,0.040498442367601244,0.5499999999999999,0.5640590067187317
22/06/2023 08:58:50,phpmyadmin,metrics,release_based,none,random_forest,3,RELEASE_3_1_2,-1,-1,0.14061594009399414,1.0,0.6896551724137931,0.9698996655518395,0.06688963210702341,0.8163265306122449,0.8169505684973766
22/06/2023 08:58:50,phpmyadmin,metrics,release_based,none,random_forest,3,RELEASE_3_1_3,-1,-1,0.1392982006072998,1.0,0.9310344827586207,0.9933110367892977,0.0903010033444816,0.9642857142857143,0.961347305074306
22/06/2023 08:58:51,phpmyadmin,metrics,release_based,none,random_forest,3,RELEASE_3_3_1,-1,-1,0.12844586372375488,1.0,1.0,1.0,0.08411214953271028,1.0,1.0
22/06/2023 08:58:51,phpmyadmin,metrics,release_based,none,random_forest,3,RELEASE_3_5_7,-1,-1,0.12959694862365723,0.3157894736842105,0.6666666666666666,0.9510703363914373,0.0581039755351682,0.42857142857142855,0.43763153844634256
22/06/2023 08:58:51,phpmyadmin,metrics,release_based,none,random_forest,3,RELEASE_2_11_6,-1,-1,0.13941192626953125,0.9,0.375,0.9516616314199395,0.030211480362537766,0.5294117647058825,0.5632026731629306
22/06/2023 08:58:51,phpmyadmin,metrics,release_based,none,random_forest,3,RELEASE_2_02_1,-1,-1,0.1407618522644043,0.0,0.0,0.9393939393939394,0.0,0.0,0.0
22/06/2023 08:58:51,phpmyadmin,metrics,release_based,none,random_forest,3,RELEASE_4_0_6,-1,-1,0.12328600883483887,0.0,0.0,0.9875311720698254,0.012468827930174564,0.0,0.0
22/06/2023 08:58:51,phpmyadmin,metrics,release_based,none,random_forest,3,RELEASE_4_0_7,-1,-1,0.12310504913330078,0.0,0.0,1.0,0.0,0.0,0.0
22/06/2023 08:58:52,phpmyadmin,metrics,release_based,none,random_forest,3,RELEASE_2_02_2,-1,-1,0.09772682189941406,0.0,0.0,0.9428571428571428,0.0,0.0,0.0
22/06/2023 08:58:52,phpmyadmin,metrics,release_based,none,random_forest,3,RELEASE_2_11_8,-1,-1,0.09683895111083984,0.0,0.0,0.9274924471299094,0.0,0.0,0.0
22/06/2023 08:58:52,phpmyadmin,metrics,release_based,none,random_forest,3,RELEASE_4_0_5,-1,-1,0.12392592430114746,0.0,0.0,1.0,0.0,0.0,0.0
22/06/2023 08:58:52,phpmyadmin,metrics,release_based,none,random_forest,3,RELEASE_3_5_8,-1,-1,0.12296605110168457,0.0,0.0,0.9724770642201835,0.0030581039755351682,0.0,-0.008770833201523394
22/06/2023 08:58:52,phpmyadmin,metrics,release_based,none,random_forest,3,RELEASE_4_0_4,-1,-1,0.14468932151794434,0.0,0.0,0.9825436408977556,0.0,0.0,0.0
22/06/2023 08:58:52,phpmyadmin,metrics,release_based,none,random_forest,3,RELEASE_2_11_9,-1,-1,0.12931084632873535,0.0,0.0,0.9274924471299094,0.0,0.0,0.0
22/06/2023 08:58:52,phpmyadmin,metrics,release_based,none,random_forest,3,RELEASE_2_02_3,-1,-1,0.14624905586242676,0.0,0.0,0.9324324324324325,0.0,0.0,0.0
22/06/2023 08:58:53,phpmyadmin,metrics,release_based,none,random_forest,3,RELEASE_4_0_0,-1,-1,0.12838196754455566,1.0,0.75,0.9950124688279302,0.014962593516209476,0.8571428571428571,0.8638301520817443
22/06/2023 08:58:53,phpmyadmin,metrics,release_based,none,random_forest,3,RELEASE_2_06_3,-1,-1,0.12581086158752441,1.0,0.25,0.9560439560439561,0.014652014652014652,0.4,0.48872035321144824
22/06/2023 08:58:53,phpmyadmin,metrics,release_based,none,random_forest,3,RELEASE_2_04_0,-1,-1,0.11363005638122559,0.6,0.23076923076923078,0.9344262295081968,0.0273224043715847,0.33333333333333337,0.3451073600178383
22/06/2023 08:58:53,phpmyadmin,metrics,release_based,none,random_forest,3,RELEASE_2_06_2,-1,-1,0.1189279556274414,1.0,0.9375,0.996268656716418,0.055970149253731345,0.967741935483871,0.9663304126452619
22/06/2023 08:58:53,phpmyadmin,metrics,release_based,none,random_forest,3,RELEASE_4_0_1,-1,-1,0.10386800765991211,0.10526315789473684,0.25,0.9427860696517413,0.0472636815920398,0.14814814814814814,0.13613766701965335
22/06/2023 08:58:53,phpmyadmin,metrics,release_based,none,random_forest,3,RELEASE_2_02_6,-1,-1,0.11965394020080566,1.0,0.2,0.9534883720930233,0.011627906976744186,0.33333333333333337,0.4365641250653993
22/06/2023 08:58:53,phpmyadmin,metrics,release_based,none,random_forest,3,RELEASE_2_02_4,-1,-1,0.11502790451049805,1.0,0.6,0.9746835443037974,0.0379746835443038,0.7499999999999999,0.7643366577077078
22/06/2023 08:58:54,phpmyadmin,metrics,release_based,none,random_forest,3,RELEASE_4_0_3,-1,-1,0.10309600830078125,0.875,1.0,0.9975124378109452,0.01990049751243781,0.9333333333333333,0.934229527539449
22/06/2023 08:58:54,phpmyadmin,metrics,release_based,none,random_forest,3,RELEASE_2_06_0,-1,-1,0.1035149097442627,0.0,0.0,0.9259259259259259,0.0,0.0,0.0
22/06/2023 08:58:54,phpmyadmin,metrics,release_based,none,random_forest,3,RELEASE_3_3_9,-1,-1,0.1167459487915039,0.5,0.058823529411764705,0.9472049689440993,0.006211180124223602,0.10526315789473684,0.15809863503278118
22/06/2023 08:58:54,phpmyadmin,metrics,release_based,none,random_forest,3,RELEASE_3_3_8,-1,-1,0.13930201530456543,1.0,0.8421052631578947,0.9906832298136646,0.049689440993788817,0.9142857142857143,0.9131535080178832
22/06/2023 08:58:54,phpmyadmin,metrics,release_based,none,random_forest,3,RELEASE_2_06_1,-1,-1,0.12778091430664062,0.9166666666666666,0.6875,0.976,0.048,0.7857142857142857,0.782264313775449
22/06/2023 08:58:54,phpmyadmin,metrics,release_based,none,random_forest,3,RELEASE_4_0_2,-1,-1,0.12758398056030273,0.2857142857142857,0.25,0.972636815920398,0.017412935323383085,0.26666666666666666,0.2533733453950355
22/06/2023 08:58:54,phpmyadmin,metrics,release_based,none,random_forest,3,RELEASE_2_02_5,-1,-1,0.13727307319641113,0.0,0.0,0.9390243902439024,0.0,0.0,0.0
22/06/2023 08:58:55,phpmyadmin,metrics,release_based,none,random_forest,3,RELEASE_2_05_4,-1,-1,0.11573672294616699,0.8333333333333334,0.3125,0.9447004608294931,0.027649769585253458,0.45454545454545453,0.49014143587778447
22/06/2023 08:58:55,phpmyadmin,metrics,release_based,none,random_forest,3,RELEASE_3_4_9,-1,-1,0.11267781257629395,1.0,0.2222222222222222,0.9765886287625418,0.006688963210702341,0.3636363636363636,0.4658161240544447
22/06/2023 08:58:55,phpmyadmin,metrics,release_based,none,random_forest,3,RELEASE_2_03_2,-1,-1,0.11208891868591309,1.0,0.08333333333333333,0.935672514619883,0.005847953216374269,0.15384615384615385,0.2791794700019832
22/06/2023 08:58:55,phpmyadmin,metrics,release_based,none,random_forest,3,RELEASE_2_03_3,-1,-1,0.11419200897216797,1.0,0.9166666666666666,0.9942196531791907,0.06358381502890173,0.9565217391304348,0.9544675114704926
22/06/2023 08:58:55,phpmyadmin,metrics,release_based,none,random_forest,3,RELEASE_3_4_8,-1,-1,0.1089019775390625,1.0,0.9,0.9966555183946488,0.030100334448160536,0.9473684210526316,0.9470462247029645
22/06/2023 08:58:55,phpmyadmin,metrics,release_based,none,random_forest,3,RELEASE_2_05_5,-1,-1,0.10931611061096191,1.0,0.05263157894736842,0.918918918918919,0.0045045045045045045,0.1,0.21987460974491504
22/06/2023 08:58:55,phpmyadmin,metrics,release_based,none,random_forest,3,RELEASE_2_05_7,-1,-1,0.11560201644897461,1.0,0.47368421052631576,0.956140350877193,0.039473684210526314,0.6428571428571429,0.6723502022908507
22/06/2023 08:58:55,phpmyadmin,metrics,release_based,none,random_forest,3,RELEASE_2_03_1,-1,-1,0.11860918998718262,1.0,0.08333333333333333,0.9352941176470588,0.0058823529411764705,0.15384615384615385,0.27912232124458003
22/06/2023 08:58:56,phpmyadmin,metrics,release_based,none,random_forest,3,RELEASE_2_03_0,-1,-1,0.10298299789428711,0.9090909090909091,0.9090909090909091,0.9878787878787879,0.06666666666666667,0.9090909090909091,0.9025974025974026
22/06/2023 08:58:56,phpmyadmin,metrics,release_based,none,random_forest,3,RELEASE_2_05_6,-1,-1,0.09824323654174805,1.0,0.8421052631578947,0.985,0.08,0.9142857142857143,0.9101512434981287
22/06/2023 08:58:56,phpmyadmin,metrics,release_based,none,random_forest,3,RELEASE_2_05_2,-1,-1,0.09741425514221191,0.8181818181818182,0.6,0.961352657004831,0.05314009661835749,0.6923076923076923,0.6814234324182054
22/06/2023 08:58:56,phpmyadmin,metrics,release_based,none,random_forest,3,RELEASE_2_07_0,-1,-1,0.10507392883300781,0.6111111111111112,0.5,0.9387755102040817,0.061224489795918366,0.55,0.5205060779209021
22/06/2023 08:58:56,phpmyadmin,metrics,release_based,none,random_forest,3,RELEASE_2_05_3,-1,-1,0.13028502464294434,1.0,0.9333333333333333,0.9953051643192489,0.06572769953051644,0.9655172413793104,0.9636613596489184
22/06/2023 08:58:56,phpmyadmin,metrics,release_based,none,random_forest,3,RELEASE_2_05_1,-1,-1,0.16808509826660156,1.0,0.8,0.9850746268656716,0.05970149253731343,0.888888888888889,0.8873001675315897
22/06/2023 08:58:56,phpmyadmin,metrics,release_based,none,random_forest,3,RELEASE_2_05_0,-1,-1,0.11531472206115723,1.0,0.8,0.9852216748768473,0.059113300492610835,0.888888888888889,0.8873750926039236
22/06/2023 08:58:57,phpmyadmin,metrics,release_based,undersampling,random_forest,3,RELEASE_3_4_1,-1,-1,0.09278488159179688,0.18556701030927836,1.0,0.7392739273927392,0.3201320132013201,0.3130434782608696,0.3662364499557358
22/06/2023 08:58:57,phpmyadmin,metrics,release_based,undersampling,random_forest,3,RELEASE_3_2_5,-1,-1,0.11881613731384277,0.28,0.84,0.8079470198675497,0.24834437086092714,0.42,0.41139831000467825
22/06/2023 08:58:57,phpmyadmin,metrics,release_based,undersampling,random_forest,3,RELEASE_3_4_3,-1,-1,0.08679318428039551,0.20930232558139536,1.0,0.7755775577557755,0.2838283828382838,0.3461538461538462,0.3992036135755779
22/06/2023 08:58:57,phpmyadmin,metrics,release_based,undersampling,random_forest,3,RELEASE_2_10_2,-1,-1,0.121063232421875,0.2807017543859649,0.7272727272727273,0.8512658227848101,0.18037974683544303,0.4050632911392405,0.3890807971921704
22/06/2023 08:58:57,phpmyadmin,metrics,release_based,undersampling,random_forest,3,RELEASE_2_10_3,-1,-1,0.08558487892150879,0.2716049382716049,1.0,0.8132911392405063,0.2563291139240506,0.4271844660194175,0.4659390360907246
22/06/2023 08:58:57,phpmyadmin,metrics,release_based,undersampling,random_forest,3,RELEASE_3_4_2,-1,-1,0.08739805221557617,0.144,1.0,0.6468646864686468,0.41254125412541254,0.2517482517482518,0.29989471836840204
22/06/2023 08:58:57,phpmyadmin,metrics,release_based,undersampling,random_forest,3,RELEASE_3_2_4,-1,-1,0.08728408813476562,0.2564102564102564,0.8,0.7913907284768212,0.2582781456953642,0.3883495145631068,0.3718280154163909
22/06/2023 08:58:57,phpmyadmin,metrics,release_based,undersampling,random_forest,3,RELEASE_2_09_2,-1,-1,0.08859014511108398,0.2714285714285714,0.9047619047619048,0.8250825082508251,0.23102310231023102,0.41758241758241754,0.43620666940691055
22/06/2023 08:58:58,phpmyadmin,metrics,release_based,undersampling,random_forest,3,RELEASE_3_2_0,-1,-1,0.08374404907226562,0.28125,1.0,0.77,0.32,0.43902439024390244,0.45843738412659496
22/06/2023 08:58:58,phpmyadmin,metrics,release_based,undersampling,random_forest,3,RELEASE_3_4_6,-1,-1,0.08638787269592285,0.12371134020618557,1.0,0.7157190635451505,0.32441471571906355,0.22018348623853212,0.2950798080296119
22/06/2023 08:58:58,phpmyadmin,metrics,release_based,undersampling,random_forest,3,RELEASE_3_4_7,-1,-1,0.08811283111572266,0.09448818897637795,1.0,0.6153846153846154,0.42474916387959866,0.1726618705035971,0.23796442582446783
22/06/2023 08:58:58,phpmyadmin,metrics,release_based,undersampling,random_forest,3,RELEASE_3_0_1,-1,-1,0.173170804977417,0.3125,0.8928571428571429,0.7890909090909091,0.2909090909090909,0.462962962962963,0.44623121499641394
22/06/2023 08:58:58,phpmyadmin,metrics,release_based,undersampling,random_forest,3,RELEASE_3_2_3,-1,-1,0.13154983520507812,0.26373626373626374,0.96,0.7748344370860927,0.30132450331125826,0.4137931034482759,0.43126741587708495
22/06/2023 08:58:58,phpmyadmin,metrics,release_based,undersampling,random_forest,3,RELEASE_3_4_5,-1,-1,0.1566770076751709,0.10909090909090909,1.0,0.6722408026755853,0.36789297658862874,0.19672131147540983,0.2680305108885629
22/06/2023 08:58:59,phpmyadmin,metrics,release_based,undersampling,random_forest,3,RELEASE_3_4_4,-1,-1,0.21113991737365723,0.11214953271028037,1.0,0.6864686468646864,0.35313531353135313,0.20168067226890757,0.27484021231723094
22/06/2023 08:58:59,phpmyadmin,metrics,release_based,undersampling,random_forest,3,RELEASE_3_2_2,-1,-1,0.2982149124145508,0.37681159420289856,0.9629629629629629,0.8543046357615894,0.22847682119205298,0.5416666666666667,0.5481552503204736
22/06/2023 08:58:59,phpmyadmin,metrics,release_based,undersampling,random_forest,3,RELEASE_3_0_0,-1,-1,0.23123598098754883,0.34285714285714286,0.8571428571428571,0.8181818181818182,0.2545454545454545,0.4897959183673469,0.46576251986606343
22/06/2023 08:58:59,phpmyadmin,metrics,release_based,undersampling,random_forest,3,RELEASE_2_11_2,-1,-1,0.13516020774841309,0.3013698630136986,0.88,0.8368580060422961,0.22054380664652568,0.4489795918367347,0.4546235753965701
22/06/2023 08:59:00,phpmyadmin,metrics,release_based,undersampling,random_forest,3,RELEASE_3_5_3,-1,-1,0.24897193908691406,0.058823529411764705,1.0,0.558282208588957,0.46932515337423314,0.1111111111111111,0.179171512461423
22/06/2023 08:59:00,phpmyadmin,metrics,release_based,undersampling,random_forest,3,RELEASE_3_3_5,-1,-1,0.1609809398651123,0.23008849557522124,0.9629629629629629,0.7267080745341615,0.35093167701863354,0.37142857142857144,0.387960941014615
22/06/2023 08:59:00,phpmyadmin,metrics,release_based,undersampling,random_forest,3,RELEASE_3_3_4,-1,-1,0.1022951602935791,0.22131147540983606,1.0,0.7049689440993789,0.37888198757763975,0.36241610738255037,0.3873521372652495
22/06/2023 08:59:00,phpmyadmin,metrics,release_based,undersampling,random_forest,3,RELEASE_2_08_2,-1,-1,0.08975386619567871,0.2962962962962963,0.64,0.8453947368421053,0.17763157894736842,0.4050632911392405,0.3621285510447181
22/06/2023 08:59:00,phpmyadmin,metrics,release_based,undersampling,random_forest,3,RELEASE_3_5_2,-1,-1,0.08687615394592285,0.09848484848484848,1.0,0.6349693251533742,0.4049079754601227,0.1793103448275862,0.24706624046176864
22/06/2023 08:59:00,phpmyadmin,metrics,release_based,undersampling,random_forest,3,RELEASE_2_11_3,-1,-1,0.08610725402832031,0.23232323232323232,0.9583333333333334,0.7673716012084593,0.2990936555891239,0.37398373983739835,0.4025744196843463
22/06/2023 08:59:01,phpmyadmin,metrics,release_based,undersampling,random_forest,3,RELEASE_2_11_1,-1,-1,0.08447909355163574,0.24752475247524752,1.0,0.770392749244713,0.30513595166163143,0.3968253968253968,0.4313328373383628
22/06/2023 08:59:01,phpmyadmin,metrics,release_based,undersampling,random_forest,3,RELEASE_3_5_0,-1,-1,0.08547306060791016,0.10236220472440945,1.0,0.6534954407294833,0.3860182370820669,0.1857142857142857,0.25580083576289564
22/06/2023 08:59:01,phpmyadmin,metrics,release_based,undersampling,random_forest,3,RELEASE_2_08_0,-1,-1,0.08372783660888672,0.19753086419753085,0.7619047619047619,0.7674418604651163,0.2691029900332226,0.31372549019607837,0.3043095193655726
22/06/2023 08:59:01,phpmyadmin,metrics,release_based,undersampling,random_forest,3,RELEASE_3_3_6,-1,-1,0.16154217720031738,0.12295081967213115,0.75,0.6521739130434783,0.37888198757763975,0.21126760563380279,0.1968722562160926
22/06/2023 08:59:01,phpmyadmin,metrics,release_based,undersampling,random_forest,3,RELEASE_3_1_4,-1,-1,0.15229105949401855,0.2553191489361702,0.8888888888888888,0.7558528428093646,0.31438127090301005,0.39669421487603307,0.389873352787561
22/06/2023 08:59:01,phpmyadmin,metrics,release_based,undersampling,random_forest,3,RELEASE_3_1_5,-1,-1,0.13347887992858887,0.23893805309734514,1.0,0.7123745819397993,0.3779264214046823,0.38571428571428573,0.40421709857427135
22/06/2023 08:59:01,phpmyadmin,metrics,release_based,undersampling,random_forest,3,RELEASE_3_3_7,-1,-1,0.09385490417480469,0.1958762886597938,1.0,0.7577639751552795,0.30124223602484473,0.3275862068965517,0.38138260264314205
22/06/2023 08:59:02,phpmyadmin,metrics,release_based,undersampling,random_forest,3,RELEASE_2_08_1,-1,-1,0.08451628684997559,0.2602739726027397,0.76,0.8032786885245902,0.23934426229508196,0.38775510204081637,0.36461628704311944
22/06/2023 08:59:02,phpmyadmin,metrics,release_based,undersampling,random_forest,3,RELEASE_3_5_1,-1,-1,0.08362507820129395,0.08108108108108109,0.9230769230769231,0.5797546012269938,0.4539877300613497,0.14906832298136646,0.1920134612351161
22/06/2023 08:59:02,phpmyadmin,metrics,release_based,undersampling,random_forest,3,RELEASE_2_11_0,-1,-1,0.08178400993347168,0.21052631578947367,0.96,0.7259036144578314,0.3433734939759036,0.3453237410071942,0.37057866888944824
22/06/2023 08:59:02,phpmyadmin,metrics,release_based,undersampling,random_forest,3,RELEASE_2_11_4,-1,-1,0.08530187606811523,0.21621621621621623,1.0,0.7371601208459214,0.33534743202416917,0.35555555555555557,0.39362827239982096
22/06/2023 08:59:02,phpmyadmin,metrics,release_based,undersampling,random_forest,3,RELEASE_4_0_9,-1,-1,0.08546781539916992,0.0,0.0,0.683291770573566,0.3167082294264339,0.0,0.0
22/06/2023 08:59:02,phpmyadmin,metrics,release_based,undersampling,random_forest,3,RELEASE_3_5_5,-1,-1,0.08094406127929688,0.036231884057971016,0.5555555555555556,0.581039755351682,0.42201834862385323,0.06802721088435375,0.04548699953774696
22/06/2023 08:59:02,phpmyadmin,metrics,release_based,undersampling,random_forest,3,RELEASE_3_3_3,-1,-1,0.0805051326751709,0.22123893805309736,0.9259259259259259,0.7204968944099379,0.35093167701863354,0.35714285714285715,0.36448350763616993
22/06/2023 08:59:02,phpmyadmin,metrics,release_based,undersampling,random_forest,3,RELEASE_3_1_1,-1,-1,0.07970714569091797,0.24299065420560748,0.896551724137931,0.7190635451505016,0.35785953177257523,0.3823529411764706,0.36828707963503654
22/06/2023 08:59:02,phpmyadmin,metrics,release_based,undersampling,random_forest,3,RELEASE_3_1_0,-1,-1,0.08948874473571777,0.3191489361702128,1.0,0.7859531772575251,0.31438127090301005,0.48387096774193555,0.4931709549047737
22/06/2023 08:59:03,phpmyadmin,metrics,release_based,undersampling,random_forest,3,RELEASE_3_3_2,-1,-1,0.08718681335449219,0.34615384615384615,1.0,0.8416149068322981,0.2422360248447205,0.5142857142857142,0.5350797135657657
22/06/2023 08:59:03,phpmyadmin,metrics,release_based,undersampling,random_forest,3,RELEASE_3_5_4,-1,-1,0.09110593795776367,0.08035714285714286,1.0,0.6840490797546013,0.34355828220858897,0.14876033057851243,0.2329107312741877
22/06/2023 08:59:03,phpmyadmin,metrics,release_based,undersampling,random_forest,3,RELEASE_4_0_8,-1,-1,0.08504295349121094,0.0,0.0,0.7630922693266833,0.23690773067331672,0.0,0.0
22/06/2023 08:59:03,phpmyadmin,metrics,release_based,undersampling,random_forest,3,RELEASE_2_11_5,-1,-1,0.07984161376953125,0.20952380952380953,0.9166666666666666,0.743202416918429,0.31722054380664655,0.34108527131782945,0.3601353173479472
22/06/2023 08:59:03,phpmyadmin,metrics,release_based,undersampling,random_forest,3,RELEASE_2_11_7,-1,-1,0.07854890823364258,0.26373626373626374,1.0,0.797583081570997,0.27492447129909364,0.4173913043478261,0.4540684823176045
22/06/2023 08:59:03,phpmyadmin,metrics,release_based,undersampling,random_forest,3,RELEASE_3_5_6,-1,-1,0.08027100563049316,0.033112582781456956,0.5555555555555556,0.5412844036697247,0.4617737003058104,0.06250000000000001,0.03164677503325082
22/06/2023 08:59:03,phpmyadmin,metrics,release_based,undersampling,random_forest,3,RELEASE_3_3_0,-1,-1,0.08261394500732422,0.1951219512195122,0.8888888888888888,0.6822429906542056,0.38317757009345793,0.32,0.3152323448711511
22/06/2023 08:59:03,phpmyadmin,metrics,release_based,undersampling,random_forest,3,RELEASE_3_1_2,-1,-1,0.08454179763793945,0.28865979381443296,0.9655172413793104,0.7658862876254181,0.32441471571906355,0.4444444444444444,0.44880143943065026
22/06/2023 08:59:03,phpmyadmin,metrics,release_based,undersampling,random_forest,3,RELEASE_3_1_3,-1,-1,0.08588290214538574,0.3258426966292135,1.0,0.7993311036789298,0.2976588628762542,0.4915254237288135,0.5034215018147201
22/06/2023 08:59:03,phpmyadmin,metrics,release_based,undersampling,random_forest,3,RELEASE_3_3_1,-1,-1,0.08782315254211426,0.34177215189873417,1.0,0.838006230529595,0.24610591900311526,0.5094339622641509,0.5303985818651256
22/06/2023 08:59:04,phpmyadmin,metrics,release_based,undersampling,random_forest,3,RELEASE_3_5_7,-1,-1,0.08678674697875977,0.07317073170731707,1.0,0.6513761467889908,0.3761467889908257,0.13636363636363635,0.21665575155108546
22/06/2023 08:59:04,phpmyadmin,metrics,release_based,undersampling,random_forest,3,RELEASE_2_11_6,-1,-1,0.08509993553161621,0.2923076923076923,0.7916666666666666,0.8459214501510574,0.19637462235649547,0.4269662921348315,0.41898358532514707
22/06/2023 08:59:04,phpmyadmin,metrics,release_based,undersampling,random_forest,3,RELEASE_2_02_1,-1,-1,0.08224177360534668,0.0,0.0,0.8939393939393939,0.045454545454545456,0.0,-0.055427399547369326
22/06/2023 08:59:04,phpmyadmin,metrics,release_based,undersampling,random_forest,3,RELEASE_4_0_6,-1,-1,0.07895398139953613,0.0,0.0,0.6334164588528678,0.36658354114713215,0.0,0.0
22/06/2023 08:59:04,phpmyadmin,metrics,release_based,undersampling,random_forest,3,RELEASE_4_0_7,-1,-1,0.07741212844848633,0.0,0.0,0.7082294264339152,0.29177057356608477,0.0,0.0
22/06/2023 08:59:04,phpmyadmin,metrics,release_based,undersampling,random_forest,3,RELEASE_2_02_2,-1,-1,0.0745241641998291,0.05970149253731343,1.0,0.1,0.9571428571428572,0.11267605633802817,0.052093226107062324
22/06/2023 08:59:04,phpmyadmin,metrics,release_based,undersampling,random_forest,3,RELEASE_2_11_8,-1,-1,0.07437491416931152,0.1323529411764706,0.75,0.6253776435045317,0.4108761329305136,0.22500000000000003,0.19272409852892605
22/06/2023 08:59:04,phpmyadmin,metrics,release_based,undersampling,random_forest,3,RELEASE_4_0_5,-1,-1,0.07762718200683594,0.0,0.0,0.6433915211970075,0.3566084788029925,0.0,0.0
22/06/2023 08:59:04,phpmyadmin,metrics,release_based,undersampling,random_forest,3,RELEASE_3_5_8,-1,-1,0.07762789726257324,0.028409090909090908,0.625,0.46788990825688076,0.5382262996941896,0.05434782608695651,0.027563903107464868
22/06/2023 08:59:05,phpmyadmin,metrics,release_based,undersampling,random_forest,3,RELEASE_4_0_4,-1,-1,0.07858395576477051,0.06086956521739131,1.0,0.7306733167082294,0.286783042394015,0.11475409836065573,0.21020111020497934
22/06/2023 08:59:05,phpmyadmin,metrics,release_based,undersampling,random_forest,3,RELEASE_2_11_9,-1,-1,0.07592892646789551,0.24,0.5,0.8489425981873112,0.1510574018126888,0.32432432432432434,0.2724458865576054
22/06/2023 08:59:05,phpmyadmin,metrics,release_based,undersampling,random_forest,3,RELEASE_2_02_3,-1,-1,0.07958412170410156,0.13793103448275862,0.8,0.6486486486486487,0.3918918918918919,0.2352941176470588,0.2250412564516476
22/06/2023 08:59:05,phpmyadmin,metrics,release_based,undersampling,random_forest,3,RELEASE_4_0_0,-1,-1,0.07892799377441406,0.05755395683453238,1.0,0.6733167082294265,0.34663341645885287,0.10884353741496598,0.19588084274975673
22/06/2023 08:59:05,phpmyadmin,metrics,release_based,undersampling,random_forest,3,RELEASE_2_06_3,-1,-1,0.07874202728271484,0.16666666666666666,1.0,0.706959706959707,0.3516483516483517,0.2857142857142857,0.3388008149604998
22/06/2023 08:59:05,phpmyadmin,metrics,release_based,undersampling,random_forest,3,RELEASE_2_04_0,-1,-1,0.07761907577514648,0.24528301886792453,1.0,0.7814207650273224,0.2896174863387978,0.393939393939394,0.4330927930243002
22/06/2023 08:59:05,phpmyadmin,metrics,release_based,undersampling,random_forest,3,RELEASE_2_06_2,-1,-1,0.08101201057434082,0.32,1.0,0.8731343283582089,0.1865671641791045,0.48484848484848486,0.5261419930260242
22/06/2023 08:59:05,phpmyadmin,metrics,release_based,undersampling,random_forest,3,RELEASE_4_0_1,-1,-1,0.07934117317199707,0.040697674418604654,0.875,0.5870646766169154,0.42786069651741293,0.07777777777777778,0.12877680330745
22/06/2023 08:59:05,phpmyadmin,metrics,release_based,undersampling,random_forest,3,RELEASE_2_02_6,-1,-1,0.08033204078674316,0.12903225806451613,0.8,0.6744186046511628,0.36046511627906974,0.2222222222222222,0.2274427516510306
22/06/2023 08:59:05,phpmyadmin,metrics,release_based,undersampling,random_forest,3,RELEASE_2_02_4,-1,-1,0.07748103141784668,0.16666666666666666,1.0,0.6835443037974683,0.379746835443038,0.2857142857142857,0.33220529851337466
22/06/2023 08:59:06,phpmyadmin,metrics,release_based,undersampling,random_forest,3,RELEASE_4_0_3,-1,-1,0.07630395889282227,0.04895104895104895,1.0,0.6616915422885572,0.35572139303482586,0.09333333333333334,0.17915640347792064
22/06/2023 08:59:06,phpmyadmin,metrics,release_based,undersampling,random_forest,3,RELEASE_2_06_0,-1,-1,0.07569408416748047,0.19718309859154928,0.7777777777777778,0.7489711934156379,0.29218106995884774,0.3146067415730337,0.3020185394404433
22/06/2023 08:59:06,phpmyadmin,metrics,release_based,undersampling,random_forest,3,RELEASE_3_3_9,-1,-1,0.08085393905639648,0.11320754716981132,0.7058823529411765,0.6925465838509317,0.32919254658385094,0.1951219512195122,0.18924938304819225
22/06/2023 08:59:06,phpmyadmin,metrics,release_based,undersampling,random_forest,3,RELEASE_3_3_8,-1,-1,0.08547616004943848,0.12056737588652482,0.8947368421052632,0.6086956521739131,0.43788819875776397,0.2125,0.23058701841014737
22/06/2023 08:59:06,phpmyadmin,metrics,release_based,undersampling,random_forest,3,RELEASE_2_06_1,-1,-1,0.08376598358154297,0.2112676056338028,0.9375,0.772,0.284,0.3448275862068965,0.378950054064228
22/06/2023 08:59:06,phpmyadmin,metrics,release_based,undersampling,random_forest,3,RELEASE_4_0_2,-1,-1,0.08248376846313477,0.049079754601226995,1.0,0.6144278606965174,0.4054726368159204,0.09356725146198831,0.17254486174309064
22/06/2023 08:59:06,phpmyadmin,metrics,release_based,undersampling,random_forest,3,RELEASE_2_02_5,-1,-1,0.08026003837585449,0.13333333333333333,0.8,0.6707317073170732,0.36585365853658536,0.2285714285714286,0.22968219947116658
22/06/2023 08:59:06,phpmyadmin,metrics,release_based,undersampling,random_forest,3,RELEASE_2_05_4,-1,-1,0.07818889617919922,0.2,0.875,0.7327188940092166,0.3225806451612903,0.32558139534883723,0.3334132811019415
22/06/2023 08:59:06,phpmyadmin,metrics,release_based,undersampling,random_forest,3,RELEASE_3_4_9,-1,-1,0.0774068832397461,0.04477611940298507,0.6666666666666666,0.5618729096989966,0.44816053511705684,0.0839160839160839,0.0774038746791357
22/06/2023 08:59:06,phpmyadmin,metrics,release_based,undersampling,random_forest,3,RELEASE_2_03_2,-1,-1,0.07781100273132324,0.25,1.0,0.7894736842105263,0.2807017543859649,0.4,0.4397683781436478
22/06/2023 08:59:07,phpmyadmin,metrics,release_based,undersampling,random_forest,3,RELEASE_2_03_3,-1,-1,0.07952094078063965,0.3333333333333333,1.0,0.861271676300578,0.20809248554913296,0.5,0.5325822869186925
22/06/2023 08:59:07,phpmyadmin,metrics,release_based,undersampling,random_forest,3,RELEASE_3_4_8,-1,-1,0.07886004447937012,0.08264462809917356,1.0,0.6287625418060201,0.40468227424749165,0.15267175572519084,0.22561522042490895
22/06/2023 08:59:07,phpmyadmin,metrics,release_based,undersampling,random_forest,3,RELEASE_2_05_5,-1,-1,0.07824516296386719,0.2916666666666667,0.7368421052631579,0.8243243243243243,0.21621621621621623,0.41791044776119407,0.38691206595085775
22/06/2023 08:59:07,phpmyadmin,metrics,release_based,undersampling,random_forest,3,RELEASE_2_05_7,-1,-1,0.0795900821685791,0.2835820895522388,1.0,0.7894736842105263,0.29385964912280704,0.4418604651162791,0.4673897609088611
22/06/2023 08:59:07,phpmyadmin,metrics,release_based,undersampling,random_forest,3,RELEASE_2_03_1,-1,-1,0.08029294013977051,0.20408163265306123,0.8333333333333334,0.7588235294117647,0.28823529411764703,0.3278688524590165,0.33166137398583334
22/06/2023 08:59:07,phpmyadmin,metrics,release_based,undersampling,random_forest,3,RELEASE_2_03_0,-1,-1,0.07951998710632324,0.2619047619047619,1.0,0.8121212121212121,0.2545454545454545,0.41509433962264153,0.4573660169594892
22/06/2023 08:59:07,phpmyadmin,metrics,release_based,undersampling,random_forest,3,RELEASE_2_05_6,-1,-1,0.0782771110534668,0.2535211267605634,0.9473684210526315,0.73,0.355,0.4,0.4010840370170648
22/06/2023 08:59:07,phpmyadmin,metrics,release_based,undersampling,random_forest,3,RELEASE_2_05_2,-1,-1,0.07887101173400879,0.2727272727272727,1.0,0.8067632850241546,0.26570048309178745,0.42857142857142855,0.4646601886422925
22/06/2023 08:59:07,phpmyadmin,metrics,release_based,undersampling,random_forest,3,RELEASE_2_07_0,-1,-1,0.07977509498596191,0.2571428571428571,0.8181818181818182,0.8095238095238095,0.23809523809523808,0.39130434782608686,0.3873414804276622
22/06/2023 08:59:07,phpmyadmin,metrics,release_based,undersampling,random_forest,3,RELEASE_2_05_3,-1,-1,0.08194422721862793,0.30612244897959184,1.0,0.8403755868544601,0.2300469483568075,0.46874999999999994,0.5035434120725661
22/06/2023 08:59:08,phpmyadmin,metrics,release_based,undersampling,random_forest,3,RELEASE_2_05_1,-1,-1,0.08130478858947754,0.30952380952380953,0.8666666666666667,0.845771144278607,0.208955223880597,0.45614035087719296,0.45940678519857225
22/06/2023 08:59:08,phpmyadmin,metrics,release_based,undersampling,random_forest,3,RELEASE_2_05_0,-1,-1,0.07967996597290039,0.3191489361702128,1.0,0.8423645320197044,0.2315270935960591,0.48387096774193555,0.5146121966999074
22/06/2023 08:59:08,phpmyadmin,metrics,release_based,oversampling,random_forest,3,RELEASE_3_4_1,-1,-1,0.23967194557189941,1.0,1.0,1.0,0.0594059405940594,1.0,1.0
22/06/2023 08:59:08,phpmyadmin,metrics,release_based,oversampling,random_forest,3,RELEASE_3_2_5,-1,-1,0.2500920295715332,0.7058823529411765,0.48,0.9403973509933775,0.056291390728476824,0.5714285714285713,0.5522776402194679
22/06/2023 08:59:08,phpmyadmin,metrics,release_based,oversampling,random_forest,3,RELEASE_3_4_3,-1,-1,0.26581692695617676,1.0,1.0,1.0,0.0594059405940594,1.0,1.0
22/06/2023 08:59:09,phpmyadmin,metrics,release_based,oversampling,random_forest,3,RELEASE_2_10_2,-1,-1,0.23761773109436035,0.6153846153846154,0.36363636363636365,0.939873417721519,0.04113924050632911,0.4571428571428572,0.44417858089035395
22/06/2023 08:59:09,phpmyadmin,metrics,release_based,oversampling,random_forest,3,RELEASE_2_10_3,-1,-1,0.24992108345031738,1.0,0.9545454545454546,0.9968354430379747,0.06645569620253164,0.9767441860465117,0.975351068714189
22/06/2023 08:59:09,phpmyadmin,metrics,release_based,oversampling,random_forest,3,RELEASE_3_4_2,-1,-1,0.23868417739868164,1.0,1.0,1.0,0.0594059405940594,1.0,1.0
22/06/2023 08:59:10,phpmyadmin,metrics,release_based,oversampling,random_forest,3,RELEASE_3_2_4,-1,-1,0.24322891235351562,0.6111111111111112,0.44,0.9304635761589404,0.059602649006622516,0.5116279069767442,0.482702028757295
22/06/2023 08:59:10,phpmyadmin,metrics,release_based,oversampling,random_forest,3,RELEASE_2_09_2,-1,-1,0.26658105850219727,0.8571428571428571,0.8571428571428571,0.9801980198019802,0.06930693069306931,0.8571428571428571,0.8465045592705167
22/06/2023 08:59:10,phpmyadmin,metrics,release_based,oversampling,random_forest,3,RELEASE_3_2_0,-1,-1,0.2736039161682129,0.9629629629629629,0.9629629629629629,0.9933333333333333,0.09,0.9629629629629629,0.9592999592999593
22/06/2023 08:59:10,phpmyadmin,metrics,release_based,oversampling,random_forest,3,RELEASE_3_4_6,-1,-1,0.2187788486480713,0.35714285714285715,0.8333333333333334,0.9331103678929766,0.09364548494983277,0.5,0.5191653342684148
22/06/2023 08:59:11,phpmyadmin,metrics,release_based,oversampling,random_forest,3,RELEASE_3_4_7,-1,-1,0.25096893310546875,1.0,1.0,1.0,0.04013377926421405,1.0,1.0
22/06/2023 08:59:11,phpmyadmin,metrics,release_based,oversampling,random_forest,3,RELEASE_3_0_1,-1,-1,0.29071784019470215,1.0,0.7857142857142857,0.9781818181818182,0.08,0.88,0.8758314594381814
22/06/2023 08:59:11,phpmyadmin,metrics,release_based,oversampling,random_forest,3,RELEASE_3_2_3,-1,-1,0.24150800704956055,0.9130434782608695,0.84,0.9801324503311258,0.076158940397351,0.8749999999999999,0.8651153997892539
22/06/2023 08:59:11,phpmyadmin,metrics,release_based,oversampling,random_forest,3,RELEASE_3_4_5,-1,-1,0.23878717422485352,1.0,1.0,1.0,0.04013377926421405,1.0,1.0
22/06/2023 08:59:12,phpmyadmin,metrics,release_based,oversampling,random_forest,3,RELEASE_3_4_4,-1,-1,0.2705080509185791,1.0,0.9166666666666666,0.9966996699669967,0.036303630363036306,0.9565217391304348,0.9557862717471275
22/06/2023 08:59:12,phpmyadmin,metrics,release_based,oversampling,random_forest,3,RELEASE_3_2_2,-1,-1,0.28232312202453613,1.0,0.9629629629629629,0.9966887417218543,0.08609271523178808,0.9811320754716981,0.9795274200962133
22/06/2023 08:59:12,phpmyadmin,metrics,release_based,oversampling,random_forest,3,RELEASE_3_0_0,-1,-1,0.2873411178588867,0.9565217391304348,0.7857142857142857,0.9745454545454545,0.08363636363636363,0.8627450980392156,0.8538554615523603
22/06/2023 08:59:13,phpmyadmin,metrics,release_based,oversampling,random_forest,3,RELEASE_2_11_2,-1,-1,0.30825114250183105,0.7142857142857143,0.6,0.9516616314199395,0.0634441087613293,0.6521739130434783,0.6291609481601655
22/06/2023 08:59:13,phpmyadmin,metrics,release_based,oversampling,random_forest,3,RELEASE_3_5_3,-1,-1,0.22218704223632812,0.1951219512195122,0.8888888888888888,0.8957055214723927,0.12576687116564417,0.32,0.38778307432613374
22/06/2023 08:59:13,phpmyadmin,metrics,release_based,oversampling,random_forest,3,RELEASE_3_3_5,-1,-1,0.2539651393890381,0.6896551724137931,0.7407407407407407,0.9503105590062112,0.09006211180124224,0.7142857142857143,0.6876389674942937
22/06/2023 08:59:14,phpmyadmin,metrics,release_based,oversampling,random_forest,3,RELEASE_3_3_4,-1,-1,0.27164387702941895,1.0,1.0,1.0,0.08385093167701864,1.0,1.0
22/06/2023 08:59:14,phpmyadmin,metrics,release_based,oversampling,random_forest,3,RELEASE_2_08_2,-1,-1,0.25777506828308105,0.6666666666666666,0.24,0.9276315789473685,0.029605263157894735,0.3529411764705882,0.3715729539644326
22/06/2023 08:59:14,phpmyadmin,metrics,release_based,oversampling,random_forest,3,RELEASE_3_5_2,-1,-1,0.2452850341796875,0.21052631578947367,0.6153846153846154,0.8926380368098159,0.1165644171779141,0.3137254901960784,0.31679119040237536
22/06/2023 08:59:14,phpmyadmin,metrics,release_based,oversampling,random_forest,3,RELEASE_2_11_3,-1,-1,0.2774357795715332,0.7619047619047619,0.6666666666666666,0.9607250755287009,0.0634441087613293,0.7111111111111111,0.691913025627052
22/06/2023 08:59:15,phpmyadmin,metrics,release_based,oversampling,random_forest,3,RELEASE_2_11_1,-1,-1,0.2547640800476074,0.8888888888888888,0.96,0.9879154078549849,0.08157099697885196,0.923076923076923,0.9173293254816408
22/06/2023 08:59:15,phpmyadmin,metrics,release_based,oversampling,random_forest,3,RELEASE_3_5_0,-1,-1,0.2602841854095459,0.8666666666666667,1.0,0.993920972644377,0.04559270516717325,0.9285714285714286,0.9279986177786884
22/06/2023 08:59:15,phpmyadmin,metrics,release_based,oversampling,random_forest,3,RELEASE_2_08_0,-1,-1,0.2759590148925781,0.5555555555555556,0.47619047619047616,0.9368770764119602,0.059800664451827246,0.5128205128205129,0.4809143670673328
22/06/2023 08:59:16,phpmyadmin,metrics,release_based,oversampling,random_forest,3,RELEASE_3_3_6,-1,-1,0.27172183990478516,0.5,0.55,0.937888198757764,0.06832298136645963,0.5238095238095238,0.4913051950692021
22/06/2023 08:59:16,phpmyadmin,metrics,release_based,oversampling,random_forest,3,RELEASE_3_1_4,-1,-1,0.2850008010864258,0.8181818181818182,0.6666666666666666,0.9565217391304348,0.07357859531772576,0.7346938775510203,0.7157091717488705
22/06/2023 08:59:16,phpmyadmin,metrics,release_based,oversampling,random_forest,3,RELEASE_3_1_5,-1,-1,0.25162482261657715,0.9,1.0,0.9899665551839465,0.10033444816053512,0.9473684210526316,0.9434370829110782
22/06/2023 08:59:16,phpmyadmin,metrics,release_based,oversampling,random_forest,3,RELEASE_3_3_7,-1,-1,0.22139978408813477,0.95,1.0,0.9968944099378882,0.062111801242236024,0.9743589743589743,0.9730697233336607
22/06/2023 08:59:17,phpmyadmin,metrics,release_based,oversampling,random_forest,3,RELEASE_2_08_1,-1,-1,0.2213459014892578,0.5625,0.36,0.9245901639344263,0.05245901639344262,0.43902439024390244,0.4121781013072284
22/06/2023 08:59:17,phpmyadmin,metrics,release_based,oversampling,random_forest,3,RELEASE_3_5_1,-1,-1,0.32138800621032715,0.25,0.6153846153846154,0.911042944785276,0.09815950920245399,0.35555555555555557,0.35428115390551856
22/06/2023 08:59:17,phpmyadmin,metrics,release_based,oversampling,random_forest,3,RELEASE_2_11_0,-1,-1,0.35091400146484375,0.7142857142857143,0.6,0.9518072289156626,0.06325301204819277,0.6521739130434783,0.6292434078180957
22/06/2023 08:59:18,phpmyadmin,metrics,release_based,oversampling,random_forest,3,RELEASE_2_11_4,-1,-1,0.47148609161376953,0.9583333333333334,0.9583333333333334,0.9939577039274925,0.07250755287009064,0.9583333333333334,0.9550760043431054
22/06/2023 08:59:18,phpmyadmin,metrics,release_based,oversampling,random_forest,3,RELEASE_4_0_9,-1,-1,0.36052989959716797,0.0,0.0,0.9675810473815462,0.032418952618453865,0.0,0.0
22/06/2023 08:59:19,phpmyadmin,metrics,release_based,oversampling,random_forest,3,RELEASE_3_5_5,-1,-1,0.41582703590393066,0.05,0.1111111111111111,0.9174311926605505,0.06116207951070336,0.06896551724137932,0.03506697748132424
22/06/2023 08:59:19,phpmyadmin,metrics,release_based,oversampling,random_forest,3,RELEASE_3_3_3,-1,-1,0.6310710906982422,0.7368421052631579,0.5185185185185185,0.9440993788819876,0.059006211180124224,0.6086956521739131,0.5899643631722334
22/06/2023 08:59:20,phpmyadmin,metrics,release_based,oversampling,random_forest,3,RELEASE_3_1_1,-1,-1,0.32803797721862793,0.9565217391304348,0.7586206896551724,0.9732441471571907,0.07692307692307693,0.8461538461538461,0.8384199800848822
22/06/2023 08:59:20,phpmyadmin,metrics,release_based,oversampling,random_forest,3,RELEASE_3_1_0,-1,-1,0.2593202590942383,1.0,0.9333333333333333,0.9933110367892977,0.09364548494983277,0.9655172413793104,0.962520267034749
22/06/2023 08:59:20,phpmyadmin,metrics,release_based,oversampling,random_forest,3,RELEASE_3_3_2,-1,-1,0.22840118408203125,1.0,1.0,1.0,0.08385093167701864,1.0,1.0
22/06/2023 08:59:21,phpmyadmin,metrics,release_based,oversampling,random_forest,3,RELEASE_3_5_4,-1,-1,0.2287001609802246,0.21875,0.7777777777777778,0.9171779141104295,0.09815950920245399,0.34146341463414637,0.3848802391786577
22/06/2023 08:59:21,phpmyadmin,metrics,release_based,oversampling,random_forest,3,RELEASE_4_0_8,-1,-1,0.3144669532775879,0.0,0.0,0.972568578553616,0.02743142144638404,0.0,0.0
22/06/2023 08:59:21,phpmyadmin,metrics,release_based,oversampling,random_forest,3,RELEASE_2_11_5,-1,-1,0.3236260414123535,0.8461538461538461,0.4583333333333333,0.9546827794561934,0.03927492447129909,0.5945945945945945,0.603189468687407
22/06/2023 08:59:22,phpmyadmin,metrics,release_based,oversampling,random_forest,3,RELEASE_2_11_7,-1,-1,0.319688081741333,0.9565217391304348,0.9166666666666666,0.9909365558912386,0.06948640483383686,0.9361702127659574,0.9315388659346503
22/06/2023 08:59:22,phpmyadmin,metrics,release_based,oversampling,random_forest,3,RELEASE_3_5_6,-1,-1,0.2616250514984131,0.0,0.0,0.9296636085626911,0.04281345565749235,0.0,-0.03557947568132889
22/06/2023 08:59:22,phpmyadmin,metrics,release_based,oversampling,random_forest,3,RELEASE_3_3_0,-1,-1,0.2554798126220703,0.75,0.5555555555555556,0.9470404984423676,0.06230529595015576,0.6382978723404256,0.6184182908461292
22/06/2023 08:59:23,phpmyadmin,metrics,release_based,oversampling,random_forest,3,RELEASE_3_1_2,-1,-1,0.26502013206481934,0.9166666666666666,0.7586206896551724,0.9698996655518395,0.0802675585284281,0.830188679245283,0.8182239196911506
22/06/2023 08:59:23,phpmyadmin,metrics,release_based,oversampling,random_forest,3,RELEASE_3_1_3,-1,-1,0.2517838478088379,1.0,0.9655172413793104,0.9966555183946488,0.09364548494983277,0.9824561403508771,0.9807927646198651
22/06/2023 08:59:23,phpmyadmin,metrics,release_based,oversampling,random_forest,3,RELEASE_3_3_1,-1,-1,0.215087890625,0.9642857142857143,1.0,0.9968847352024922,0.08722741433021806,0.9818181818181818,0.9803090486697499
22/06/2023 08:59:23,phpmyadmin,metrics,release_based,oversampling,random_forest,3,RELEASE_3_5_7,-1,-1,0.3424501419067383,0.23333333333333334,0.7777777777777778,0.9235474006116208,0.09174311926605505,0.35897435897435903,0.3998182852463662
22/06/2023 08:59:24,phpmyadmin,metrics,release_based,oversampling,random_forest,3,RELEASE_2_11_6,-1,-1,0.24834203720092773,0.8333333333333334,0.625,0.9637462235649547,0.054380664652567974,0.7142857142857143,0.7035621852418504
22/06/2023 08:59:24,phpmyadmin,metrics,release_based,oversampling,random_forest,3,RELEASE_2_02_1,-1,-1,0.2605009078979492,0.0,0.0,0.9242424242424242,0.015151515151515152,0.0,-0.03150485409052879
22/06/2023 08:59:24,phpmyadmin,metrics,release_based,oversampling,random_forest,3,RELEASE_4_0_6,-1,-1,0.2212998867034912,0.0,0.0,0.9675810473815462,0.032418952618453865,0.0,0.0
22/06/2023 08:59:25,phpmyadmin,metrics,release_based,oversampling,random_forest,3,RELEASE_4_0_7,-1,-1,0.23235630989074707,0.0,0.0,1.0,0.0,0.0,0.0
06/06/2023 12:42:12,moodle,metrics,release_based,none,random_forest,3,RELEASE_2_0_0,-1,-1,0.4300088882446289,1.0,0.7916666666666666,0.9983004758667573,0.00645819170632223,0.8837209302325582,0.8889951992913669
06/06/2023 12:42:13,moodle,metrics,release_based,none,random_forest,3,RELEASE_1_1_0,-1,-1,0.5894677639007568,1.0,1.0,1.0,0.012259194395796848,1.0,1.0
06/06/2023 12:42:14,moodle,metrics,release_based,none,random_forest,3,RELEASE_1_3_2,-1,-1,0.4417593479156494,0.0,0.0,0.994588093806374,0.0,0.0,0.0
06/06/2023 12:42:14,moodle,metrics,release_based,none,random_forest,3,RELEASE_1_3_0,-1,-1,0.3465752601623535,1.0,0.7777777777777778,0.9985621854780733,0.0050323508267433505,0.8750000000000001,0.8812796499701495
06/06/2023 12:42:14,moodle,metrics,release_based,none,random_forest,3,RELEASE_2_0_2,-1,-1,0.1746819019317627,0.0,0.0,0.9928934010152284,0.0,0.0,0.0
06/06/2023 12:42:15,moodle,metrics,release_based,none,random_forest,3,RELEASE_2_0_3,-1,-1,0.37145090103149414,0.9444444444444444,0.85,0.998655462184874,0.006050420168067227,0.8947368421052632,0.8953190222813132
06/06/2023 12:42:15,moodle,metrics,release_based,none,random_forest,3,RELEASE_1_3_1,-1,-1,0.4784209728240967,1.0,0.8888888888888888,0.9993986770895971,0.004810583283223091,0.9411764705882353,0.9425241619739337
06/06/2023 12:42:16,moodle,metrics,release_based,none,random_forest,3,RELEASE_1_7_1,-1,-1,0.4851222038269043,0.0,0.0,0.9900763358778626,0.0,0.0,0.0
06/06/2023 12:42:16,moodle,metrics,release_based,none,random_forest,3,RELEASE_1_5_3,-1,-1,0.40332508087158203,0.0,0.0,0.9969240233774224,0.0,0.0,0.0
06/06/2023 12:42:17,moodle,metrics,release_based,none,random_forest,3,RELEASE_1_5_2,-1,-1,0.28826332092285156,1.0,0.5,0.9984462399005594,0.0015537600994406464,0.6666666666666666,0.7065563749529239
06/06/2023 12:42:17,moodle,metrics,release_based,none,random_forest,3,RELEASE_1_7_0,-1,-1,0.3435640335083008,1.0,0.9230769230769231,0.9992348890589136,0.009181331293037491,0.9600000000000001,0.9603978979382048
06/06/2023 12:42:17,moodle,metrics,release_based,none,random_forest,3,RELEASE_1_3_4,-1,-1,0.316662073135376,0.0,0.0,0.9939867708959711,0.0012026458208057728,0.0,-0.0024125491845219567
06/06/2023 12:42:18,moodle,metrics,release_based,none,random_forest,3,RELEASE_1_7_2,-1,-1,0.3004648685455322,1.0,0.9230769230769231,0.999236641221374,0.00916030534351145,0.9600000000000001,0.9603987556340319
06/06/2023 12:42:18,moodle,metrics,release_based,none,random_forest,3,RELEASE_1_5_0,-1,-1,0.26764535903930664,0.0,0.0,0.9968740231322288,0.0,0.0,0.0
06/06/2023 12:42:18,moodle,metrics,release_based,none,random_forest,3,RELEASE_1_5_1,-1,-1,0.3973970413208008,1.0,0.8,0.9993779160186625,0.002488335925349922,0.888888888888889,0.894148249096672
06/06/2023 12:42:19,moodle,metrics,release_based,none,random_forest,3,RELEASE_1_0_2,-1,-1,0.3817627429962158,0.0,0.0,0.9702970297029703,0.0,0.0,0.0
06/06/2023 12:42:19,moodle,metrics,release_based,none,random_forest,3,RELEASE_2_1_2,-1,-1,0.29060792922973633,0.25,0.05263157894736842,0.9934313418830153,0.0012511729746637473,0.08695652173913043,0.11238557368274874
06/06/2023 12:42:20,moodle,metrics,release_based,none,random_forest,3,RELEASE_1_2_0,-1,-1,0.36580514907836914,0.0,0.0,0.9921259842519685,0.0,0.0,0.0
06/06/2023 12:42:20,moodle,metrics,release_based,none,random_forest,3,RELEASE_1_2_1,-1,-1,0.3140537738800049,1.0,1.0,1.0,0.007874015748031496,1.0,1.0
06/06/2023 12:42:20,moodle,metrics,release_based,none,random_forest,3,RELEASE_2_1_3,-1,-1,0.4240407943725586,0.8,0.9230769230769231,0.9987515605493134,0.0046816479400749065,0.8571428571428571,0.8587317750032925
06/06/2023 12:42:22,moodle,metrics,release_based,none,random_forest,3,RELEASE_1_0_3,-1,-1,1.5648767948150635,0.0,0.0,0.9705882352941176,0.0,0.0,0.0
06/06/2023 12:42:24,moodle,metrics,release_based,none,random_forest,3,RELEASE_1_4_5,-1,-1,1.058027982711792,0.0,0.0,0.9970893970893971,0.0,0.0,0.0
06/06/2023 12:42:24,moodle,metrics,release_based,none,random_forest,3,RELEASE_1_0_1,-1,-1,0.5300936698913574,1.0,0.3333333333333333,0.9801980198019802,0.009900990099009901,0.5,0.5715476066494082
06/06/2023 12:42:24,moodle,metrics,release_based,none,random_forest,3,RELEASE_2_1_1,-1,-1,0.15866708755493164,0.0,0.0,0.9934107310950737,0.0,0.0,0.0
06/06/2023 12:42:25,moodle,metrics,release_based,none,random_forest,3,RELEASE_2_1_0,-1,-1,0.9232652187347412,1.0,0.9523809523809523,0.9996852376455776,0.006295247088448221,0.975609756097561,0.9757454994031035
06/06/2023 12:42:26,moodle,metrics,release_based,none,random_forest,3,RELEASE_1_4_4,-1,-1,0.5272209644317627,0.0,0.0,0.9970784641068448,0.0,0.0,0.0
06/06/2023 12:42:27,moodle,metrics,release_based,none,random_forest,3,RELEASE_1_4_0,-1,-1,0.6144030094146729,1.0,0.2222222222222222,0.9970674486803519,0.0008378718056137411,0.3636363636363636,0.4707122238381181
06/06/2023 12:42:27,moodle,metrics,release_based,none,random_forest,3,RELEASE_1_6_2,-1,-1,0.39360809326171875,0.0,0.0,0.9890610756608933,0.0,0.0,0.0
06/06/2023 12:42:27,moodle,metrics,release_based,none,random_forest,3,RELEASE_1_0_4,-1,-1,0.31000399589538574,0.0,0.0,0.9711538461538461,0.0,0.0,0.0
06/06/2023 12:42:28,moodle,metrics,release_based,none,random_forest,3,RELEASE_1_0_5,-1,-1,0.19932794570922852,1.0,0.3333333333333333,0.9846153846153847,0.007692307692307693,0.5,0.5728572026927851
06/06/2023 12:42:28,moodle,metrics,release_based,none,random_forest,3,RELEASE_1_6_3,-1,-1,0.13274097442626953,1.0,0.9090909090909091,0.9990892531876139,0.009107468123861567,0.9523809523809523,0.9530243163705651
06/06/2023 12:42:28,moodle,metrics,release_based,none,random_forest,3,RELEASE_1_4_1,-1,-1,0.13617706298828125,0.0,0.0,0.996234309623431,0.0,0.0,0.0
06/06/2023 12:42:28,moodle,metrics,release_based,none,random_forest,3,RELEASE_1_4_3,-1,-1,0.19295096397399902,1.0,0.42857142857142855,0.9983284580025074,0.0012536564981195152,0.6,0.6541056139599988
06/06/2023 12:42:29,moodle,metrics,release_based,none,random_forest,3,RELEASE_1_6_1,-1,-1,0.2539348602294922,1.0,0.6428571428571429,0.9954337899543378,0.00821917808219178,0.782608695652174,0.7999358695684657
06/06/2023 12:42:29,moodle,metrics,release_based,none,random_forest,3,RELEASE_1_0_7,-1,-1,0.28510618209838867,0.0,0.0,0.9886363636363636,0.0,0.0,0.0
06/06/2023 12:42:29,moodle,metrics,release_based,none,random_forest,3,RELEASE_1_0_6,-1,-1,0.204071044921875,0.0,0.0,0.9827586206896551,0.0,0.0,0.0
06/06/2023 12:42:29,moodle,metrics,release_based,none,random_forest,3,RELEASE_1_6_0,-1,-1,0.14083576202392578,1.0,0.8571428571428571,0.998165137614679,0.011009174311926606,0.923076923076923,0.924960869796475
06/06/2023 12:42:29,moodle,metrics,release_based,none,random_forest,3,RELEASE_1_4_2,-1,-1,0.1505129337310791,0.0,0.0,0.9966527196652719,0.0,0.0,0.0
06/06/2023 12:42:30,moodle,metrics,release_based,none,random_forest,3,RELEASE_1_8_2,-1,-1,0.19741392135620117,1.0,0.13333333333333333,0.9909154437456325,0.001397624039133473,0.23529411764705882,0.36348365010111905
06/06/2023 12:42:30,moodle,metrics,release_based,none,random_forest,3,RELEASE_1_8_3,-1,-1,0.3070352077484131,0.9230769230769231,0.8571428571428571,0.9979108635097493,0.009052924791086351,0.888888888888889,0.888457056575731
06/06/2023 12:42:30,moodle,metrics,release_based,none,random_forest,3,RELEASE_1_8_1,-1,-1,0.3319270610809326,1.0,0.9333333333333333,0.9993006993006993,0.009790209790209791,0.9655172413793104,0.9657505887253458
06/06/2023 12:42:31,moodle,metrics,release_based,none,random_forest,3,RELEASE_1_0_8,-1,-1,0.3246312141418457,0.0,0.0,0.9880239520958084,0.0,0.0,0.0
06/06/2023 12:42:31,moodle,metrics,release_based,none,random_forest,3,RELEASE_1_0_9,-1,-1,0.2689340114593506,0.0,0.0,0.9896265560165975,0.0,0.0,0.0
06/06/2023 12:42:31,moodle,metrics,release_based,none,random_forest,3,RELEASE_1_8_0,-1,-1,0.1929769515991211,0.9090909090909091,0.7142857142857143,0.9965325936199723,0.0076282940360610264,0.8,0.8041886487344988
06/06/2023 12:42:32,moodle,metrics,release_based,none,random_forest,3,RELEASE_1_8_4,-1,-1,0.19054508209228516,0.8888888888888888,0.5714285714285714,0.9951690821256038,0.006211180124223602,0.6956521739130435,0.7105906165931576
06/06/2023 12:42:32,moodle,metrics,release_based,none,random_forest,3,RELEASE_1_9_1,-1,-1,0.2698838710784912,0.9,0.5294117647058824,0.994535519125683,0.006071645415907711,0.6666666666666667,0.6879928851368817
06/06/2023 12:42:32,moodle,metrics,release_based,none,random_forest,3,RELEASE_1_9_0,-1,-1,0.38727498054504395,1.0,0.7647058823529411,0.9975624619134674,0.007921998781230956,0.8666666666666666,0.873399678338111
06/06/2023 12:42:33,moodle,metrics,release_based,none,random_forest,3,RELEASE_1_9_2,-1,-1,0.39528608322143555,1.0,0.8333333333333334,0.9981840193704601,0.009079903147699757,0.9090909090909091,0.9120340725325974
06/06/2023 12:42:33,moodle,metrics,release_based,undersampling,random_forest,3,RELEASE_2_0_0,-1,-1,0.07926392555236816,0.025477707006369428,1.0,0.6879673691366417,0.3201903467029232,0.04968944099378882,0.13214554411552576
06/06/2023 12:42:33,moodle,metrics,release_based,undersampling,random_forest,3,RELEASE_1_1_0,-1,-1,0.08570027351379395,0.07865168539325842,1.0,0.8563922942206655,0.15586690017513136,0.14583333333333334,0.2592614727949351
06/06/2023 12:42:33,moodle,metrics,release_based,undersampling,random_forest,3,RELEASE_1_3_2,-1,-1,0.12180304527282715,0.02702702702702703,0.5555555555555556,0.889356584485869,0.11124473842453397,0.05154639175257733,0.10423403660667671
06/06/2023 12:42:33,moodle,metrics,release_based,undersampling,random_forest,3,RELEASE_1_3_0,-1,-1,0.08258605003356934,0.045454545454545456,1.0,0.8641265276779295,0.14234363767074049,0.08695652173913045,0.19808649152309973
06/06/2023 12:42:33,moodle,metrics,release_based,undersampling,random_forest,3,RELEASE_2_0_2,-1,-1,0.12298798561096191,0.018327605956471937,0.7619047619047619,0.7082910321489002,0.2954314720812183,0.035794183445190156,0.08650005319858582
06/06/2023 12:42:34,moodle,metrics,release_based,undersampling,random_forest,3,RELEASE_2_0_3,-1,-1,0.0783841609954834,0.018774703557312252,0.95,0.6658823529411765,0.34016806722689075,0.036821705426356585,0.10589683515462539
06/06/2023 12:42:34,moodle,metrics,release_based,undersampling,random_forest,3,RELEASE_1_3_1,-1,-1,0.08867192268371582,0.04285714285714286,1.0,0.8791340950090198,0.12627781118460613,0.0821917808219178,0.19403347510874053
06/06/2023 12:42:34,moodle,metrics,release_based,undersampling,random_forest,3,RELEASE_1_7_1,-1,-1,0.08077001571655273,0.023076923076923078,0.9230769230769231,0.6114503816793894,0.3969465648854962,0.0450281425891182,0.1076591949657826
06/06/2023 12:42:34,moodle,metrics,release_based,undersampling,random_forest,3,RELEASE_1_5_3,-1,-1,0.08296775817871094,0.023872679045092837,0.9,0.8864964626268841,0.1159643186711781,0.046511627906976744,0.13601888949004778
06/06/2023 12:42:34,moodle,metrics,release_based,undersampling,random_forest,3,RELEASE_1_5_2,-1,-1,0.12413787841796875,0.03,0.9,0.9092604101926662,0.09322560596643878,0.058064516129032254,0.15492364080667595
06/06/2023 12:42:34,moodle,metrics,release_based,undersampling,random_forest,3,RELEASE_1_7_0,-1,-1,0.08468985557556152,0.015738498789346248,1.0,0.37796480489671,0.631981637337414,0.03098927294398093,0.07648689878661225
06/06/2023 12:42:35,moodle,metrics,release_based,undersampling,random_forest,3,RELEASE_1_3_4,-1,-1,0.12793183326721191,0.03787878787878788,0.625,0.9218280216476248,0.079374624173181,0.07142857142857144,0.14033249377556484
06/06/2023 12:42:35,moodle,metrics,release_based,undersampling,random_forest,3,RELEASE_1_7_2,-1,-1,0.08894920349121094,0.029345372460496615,1.0,0.6717557251908397,0.3381679389312977,0.05701754385964913,0.14005846868967495
06/06/2023 12:42:35,moodle,metrics,release_based,undersampling,random_forest,3,RELEASE_1_5_0,-1,-1,0.07967019081115723,0.036,0.9,0.9243513597999374,0.07814942169427946,0.06923076923076922,0.17146380416825713
06/06/2023 12:42:35,moodle,metrics,release_based,undersampling,random_forest,3,RELEASE_1_5_1,-1,-1,0.07939410209655762,0.031446540880503145,1.0,0.904199066874028,0.09891135303265941,0.06097560975609756,0.1685957686531409
06/06/2023 12:42:35,moodle,metrics,release_based,undersampling,random_forest,3,RELEASE_1_0_2,-1,-1,0.08913516998291016,0.1,0.6666666666666666,0.8118811881188119,0.19801980198019803,0.1739130434782609,0.20575820943315762
06/06/2023 12:42:35,moodle,metrics,release_based,undersampling,random_forest,3,RELEASE_2_1_2,-1,-1,0.07735300064086914,0.014481094127111826,0.9473684210526315,0.6165154832655615,0.38880200187675945,0.028526148969889063,0.0885970922917141
06/06/2023 12:42:35,moodle,metrics,release_based,undersampling,random_forest,3,RELEASE_1_2_0,-1,-1,0.08807134628295898,0.046242774566473986,0.8888888888888888,0.8547681539807525,0.15135608048993876,0.08791208791208792,0.1833299345394165
06/06/2023 12:42:36,moodle,metrics,release_based,undersampling,random_forest,3,RELEASE_1_2_1,-1,-1,0.10868000984191895,0.04455445544554455,1.0,0.8311461067366579,0.17672790901137359,0.08530805687203791,0.19227988531899787
06/06/2023 12:42:36,moodle,metrics,release_based,undersampling,random_forest,3,RELEASE_2_1_3,-1,-1,0.10179018974304199,0.016817593790426907,1.0,0.762796504369538,0.24126092384519351,0.03307888040712468,0.11319076797341612
06/06/2023 12:42:36,moodle,metrics,release_based,undersampling,random_forest,3,RELEASE_1_0_3,-1,-1,0.09029603004455566,0.04225352112676056,1.0,0.3333333333333333,0.696078431372549,0.08108108108108109,0.11502565172536175
06/06/2023 12:42:36,moodle,metrics,release_based,undersampling,random_forest,3,RELEASE_1_4_5,-1,-1,0.08581089973449707,0.02108433734939759,1.0,0.8648648648648649,0.13804573804573805,0.04129793510324483,0.13500661233196432
06/06/2023 12:42:36,moodle,metrics,release_based,undersampling,random_forest,3,RELEASE_1_0_1,-1,-1,0.11607503890991211,0.05454545454545454,1.0,0.48514851485148514,0.5445544554455446,0.10344827586206896,0.16000927616895003
06/06/2023 12:42:36,moodle,metrics,release_based,undersampling,random_forest,3,RELEASE_2_1_1,-1,-1,0.08990621566772461,0.021897810218978103,0.7142857142857143,0.787888296203326,0.21493567618449952,0.0424929178470255,0.09900392317748177
06/06/2023 12:42:36,moodle,metrics,release_based,undersampling,random_forest,3,RELEASE_2_1_0,-1,-1,0.1411418914794922,0.015825169555388093,1.0,0.5889203651243311,0.4176896443185395,0.031157270029673587,0.0963144730444438
06/06/2023 12:42:37,moodle,metrics,release_based,undersampling,random_forest,3,RELEASE_1_4_4,-1,-1,0.2044217586517334,0.0379746835443038,0.8571428571428571,0.9361435726210351,0.0659432387312187,0.07272727272727274,0.17256600434476083
06/06/2023 12:42:37,moodle,metrics,release_based,undersampling,random_forest,3,RELEASE_1_4_0,-1,-1,0.13409686088562012,0.046357615894039736,0.7777777777777778,0.9388353581901969,0.06325932132383745,0.0875,0.1805746686852918
06/06/2023 12:42:37,moodle,metrics,release_based,undersampling,random_forest,3,RELEASE_1_6_2,-1,-1,0.08761405944824219,0.018739352640545145,0.9166666666666666,0.4740200546946217,0.5350957155879672,0.03672787979966611,0.08045509414580519
06/06/2023 12:42:37,moodle,metrics,release_based,undersampling,random_forest,3,RELEASE_1_0_4,-1,-1,0.09956622123718262,0.04,1.0,0.3076923076923077,0.7211538461538461,0.07692307692307693,0.10716878517017671
06/06/2023 12:42:37,moodle,metrics,release_based,undersampling,random_forest,3,RELEASE_1_0_5,-1,-1,0.08787775039672852,0.057692307692307696,1.0,0.6230769230769231,0.4,0.1090909090909091,0.18823674154144757
06/06/2023 12:42:38,moodle,metrics,release_based,undersampling,random_forest,3,RELEASE_1_6_3,-1,-1,0.07929801940917969,0.04230769230769231,1.0,0.773224043715847,0.23679417122040072,0.08118081180811808,0.1805996506424804
06/06/2023 12:42:38,moodle,metrics,release_based,undersampling,random_forest,3,RELEASE_1_4_1,-1,-1,0.08222103118896484,0.026717557251908396,0.7777777777777778,0.8924686192468619,0.1096234309623431,0.051660516605166046,0.13148608627073807
06/06/2023 12:42:38,moodle,metrics,release_based,undersampling,random_forest,3,RELEASE_1_4_3,-1,-1,0.07797622680664062,0.03804347826086957,1.0,0.9260342666109486,0.0768909318846636,0.07329842931937172,0.18767341070489468
06/06/2023 12:42:38,moodle,metrics,release_based,undersampling,random_forest,3,RELEASE_1_6_1,-1,-1,0.08096623420715332,0.032663316582914576,0.9285714285714286,0.6474885844748859,0.3634703196347032,0.06310679611650487,0.13370065180441962
06/06/2023 12:42:38,moodle,metrics,release_based,undersampling,random_forest,3,RELEASE_1_0_7,-1,-1,0.0829629898071289,0.05084745762711865,1.0,0.7878787878787878,0.22348484848484848,0.0967741935483871,0.19984408494999123
06/06/2023 12:42:38,moodle,metrics,release_based,undersampling,random_forest,3,RELEASE_1_0_6,-1,-1,0.07733416557312012,0.04838709677419355,1.0,0.6609195402298851,0.3563218390804598,0.09230769230769231,0.17802284561175208
06/06/2023 12:42:38,moodle,metrics,release_based,undersampling,random_forest,3,RELEASE_1_6_0,-1,-1,0.07748007774353027,0.04105571847507331,1.0,0.7,0.3128440366972477,0.07887323943661972,0.16905250151760148
06/06/2023 12:42:38,moodle,metrics,release_based,undersampling,random_forest,3,RELEASE_1_4_2,-1,-1,0.07947993278503418,0.030973451327433628,0.875,0.9079497907949791,0.09456066945606695,0.059829059829059825,0.15457110648287184
06/06/2023 12:42:38,moodle,metrics,release_based,undersampling,random_forest,3,RELEASE_1_8_2,-1,-1,0.07851529121398926,0.03139013452914798,0.9333333333333333,0.6974143955276031,0.3116701607267645,0.060737527114967466,0.13814120260314885
06/06/2023 12:42:39,moodle,metrics,release_based,undersampling,random_forest,3,RELEASE_1_8_3,-1,-1,0.0786428451538086,0.027833001988071572,1.0,0.6594707520891365,0.3502785515320334,0.05415860735009672,0.13513599665274112
06/06/2023 12:42:39,moodle,metrics,release_based,undersampling,random_forest,3,RELEASE_1_8_1,-1,-1,0.08204102516174316,0.03731343283582089,1.0,0.7293706293706294,0.2811188811188811,0.07194244604316546,0.16464590757142092
06/06/2023 12:42:39,moodle,metrics,release_based,undersampling,random_forest,3,RELEASE_1_0_8,-1,-1,0.08000922203063965,0.08333333333333333,0.25,0.9580838323353293,0.03592814371257485,0.125,0.12663696938565328
06/06/2023 12:42:39,moodle,metrics,release_based,undersampling,random_forest,3,RELEASE_1_0_9,-1,-1,0.0806589126586914,0.05263157894736842,0.6,0.8838174273858921,0.11825726141078838,0.09677419354838708,0.15274117781003477
06/06/2023 12:42:39,moodle,metrics,release_based,undersampling,random_forest,3,RELEASE_1_8_0,-1,-1,0.08512377738952637,0.03070175438596491,1.0,0.6934812760055479,0.31622746185852985,0.05957446808510638,0.14559818133945465
06/06/2023 12:42:39,moodle,metrics,release_based,undersampling,random_forest,3,RELEASE_1_8_4,-1,-1,0.0863950252532959,0.03209876543209877,0.9285714285714286,0.7287784679089027,0.2795031055900621,0.06205250596658712,0.14286278307313996
06/06/2023 12:42:39,moodle,metrics,release_based,undersampling,random_forest,3,RELEASE_1_9_1,-1,-1,0.09122204780578613,0.04807692307692308,0.8823529411764706,0.8184578020643595,0.1894353369763206,0.0911854103343465,0.18058759859916068
06/06/2023 12:42:39,moodle,metrics,release_based,undersampling,random_forest,3,RELEASE_1_9_0,-1,-1,0.09601998329162598,0.06296296296296296,1.0,0.8458257160268129,0.16453382084095064,0.11846689895470383,0.23055168124098172
06/06/2023 12:42:40,moodle,metrics,release_based,undersampling,random_forest,3,RELEASE_1_9_2,-1,-1,0.25020694732666016,0.0694980694980695,1.0,0.8541162227602905,0.15677966101694915,0.1299638989169675,0.24340859112668628
06/06/2023 12:42:42,moodle,metrics,release_based,oversampling,random_forest,3,RELEASE_2_0_0,-1,-1,1.9377899169921875,0.96,1.0,0.9996600951733514,0.00849762066621346,0.9795918367346939,0.9796279944649452
06/06/2023 12:42:44,moodle,metrics,release_based,oversampling,random_forest,3,RELEASE_1_1_0,-1,-1,2.2074718475341797,1.0,1.0,1.0,0.012259194395796848,1.0,1.0
06/06/2023 12:42:46,moodle,metrics,release_based,oversampling,random_forest,3,RELEASE_1_3_2,-1,-1,1.9975149631500244,0.6666666666666666,0.2222222222222222,0.995189416716777,0.0018039687312086591,0.3333333333333333,0.3831586521323724
06/06/2023 12:42:48,moodle,metrics,release_based,oversampling,random_forest,3,RELEASE_1_3_0,-1,-1,1.8753671646118164,1.0,1.0,1.0,0.006470165348670022,1.0,1.0
06/06/2023 12:42:49,moodle,metrics,release_based,oversampling,random_forest,3,RELEASE_2_0_2,-1,-1,0.8625478744506836,0.0,0.0,0.9928934010152284,0.0,0.0,0.0
06/06/2023 12:42:51,moodle,metrics,release_based,oversampling,random_forest,3,RELEASE_2_0_3,-1,-1,2.171520233154297,0.8260869565217391,0.95,0.9983193277310924,0.00773109243697479,0.8837209302325583,0.8850666804892944
06/06/2023 12:42:54,moodle,metrics,release_based,oversampling,random_forest,3,RELEASE_1_3_1,-1,-1,2.5847742557525635,1.0,1.0,1.0,0.005411906193625977,1.0,1.0
06/06/2023 12:42:57,moodle,metrics,release_based,oversampling,random_forest,3,RELEASE_1_7_1,-1,-1,2.7275400161743164,0.0,0.0,0.9854961832061069,0.004580152671755725,0.0,-0.006791074856204969
06/06/2023 12:42:59,moodle,metrics,release_based,oversampling,random_forest,3,RELEASE_1_5_3,-1,-1,2.297312021255493,0.3333333333333333,0.3,0.996001230390649,0.0027683789603199014,0.3157894736842105,0.31422787180552647
06/06/2023 12:43:01,moodle,metrics,release_based,oversampling,random_forest,3,RELEASE_1_5_2,-1,-1,2.1539599895477295,0.6666666666666666,0.6,0.9978247358607831,0.0027967681789931634,0.631578947368421,0.6313713865362229
06/06/2023 12:43:04,moodle,metrics,release_based,oversampling,random_forest,3,RELEASE_1_7_0,-1,-1,2.7829060554504395,0.8666666666666667,1.0,0.9984697781178271,0.011476664116296864,0.9285714285714286,0.9302296227024364
06/06/2023 12:43:07,moodle,metrics,release_based,oversampling,random_forest,3,RELEASE_1_3_4,-1,-1,2.6391971111297607,0.0,0.0,0.9927841250751653,0.0024052916416115455,0.0,-0.0034139157333085285
06/06/2023 12:43:09,moodle,metrics,release_based,oversampling,random_forest,3,RELEASE_1_7_2,-1,-1,1.9831459522247314,1.0,0.9230769230769231,0.999236641221374,0.00916030534351145,0.9600000000000001,0.9603987556340319
06/06/2023 12:43:10,moodle,metrics,release_based,oversampling,random_forest,3,RELEASE_1_5_0,-1,-1,1.3048460483551025,0.2,0.2,0.9949984370115661,0.0031259768677711786,0.20000000000000004,0.19749137660708685
06/06/2023 12:43:13,moodle,metrics,release_based,oversampling,random_forest,3,RELEASE_1_5_1,-1,-1,2.6528799533843994,0.8181818181818182,0.9,0.9990668740279938,0.003421461897356143,0.8571428571428572,0.8576551558606735
06/06/2023 12:43:16,moodle,metrics,release_based,oversampling,random_forest,3,RELEASE_1_0_2,-1,-1,2.9448869228363037,0.0,0.0,0.9702970297029703,0.0,0.0,0.0
06/06/2023 12:43:18,moodle,metrics,release_based,oversampling,random_forest,3,RELEASE_2_1_2,-1,-1,1.7216670513153076,0.0,0.0,0.9937441351266812,0.00031279324366593683,0.0,-0.0013677177045378003
06/06/2023 12:43:20,moodle,metrics,release_based,oversampling,random_forest,3,RELEASE_1_2_0,-1,-1,2.6321489810943604,0.5,0.2222222222222222,0.9921259842519685,0.003499562554680665,0.30769230769230765,0.32996120306689997
06/06/2023 12:43:22,moodle,metrics,release_based,oversampling,random_forest,3,RELEASE_1_2_1,-1,-1,1.5559871196746826,1.0,1.0,1.0,0.007874015748031496,1.0,1.0
06/06/2023 12:43:24,moodle,metrics,release_based,oversampling,random_forest,3,RELEASE_2_1_3,-1,-1,1.8122889995574951,0.7222222222222222,1.0,0.9984394506866417,0.0056179775280898875,0.8387096774193548,0.8491705171638421
06/06/2023 12:43:26,moodle,metrics,release_based,oversampling,random_forest,3,RELEASE_1_0_3,-1,-1,2.151451826095581,1.0,0.3333333333333333,0.9803921568627451,0.00980392156862745,0.5,0.5716053474796459
06/06/2023 12:43:27,moodle,metrics,release_based,oversampling,random_forest,3,RELEASE_1_4_5,-1,-1,1.440101146697998,0.3333333333333333,0.2857142857142857,0.9962577962577963,0.002494802494802495,0.30769230769230765,0.3067410417366444
06/06/2023 12:43:29,moodle,metrics,release_based,oversampling,random_forest,3,RELEASE_1_0_1,-1,-1,1.9820332527160645,1.0,1.0,1.0,0.0297029702970297,1.0,1.0
06/06/2023 12:43:30,moodle,metrics,release_based,oversampling,random_forest,3,RELEASE_2_1_1,-1,-1,0.7451248168945312,0.0,0.0,0.9934107310950737,0.0,0.0,0.0
06/06/2023 12:43:32,moodle,metrics,release_based,oversampling,random_forest,3,RELEASE_2_1_0,-1,-1,2.038990020751953,0.875,1.0,0.9990557129367328,0.007554296506137866,0.9333333333333333,0.9349696524222432
06/06/2023 12:43:35,moodle,metrics,release_based,oversampling,random_forest,3,RELEASE_1_4_4,-1,-1,1.9827640056610107,0.0,0.0,0.996661101836394,0.00041736227045075126,0.0,-0.001106084193942065
06/06/2023 12:43:38,moodle,metrics,release_based,oversampling,random_forest,3,RELEASE_1_4_0,-1,-1,3.04595685005188,1.0,0.5555555555555556,0.9983242563887725,0.0020946795140343527,0.7142857142857143,0.7447299058774766
06/06/2023 12:43:41,moodle,metrics,release_based,oversampling,random_forest,3,RELEASE_1_6_2,-1,-1,2.981247901916504,0.0,0.0,0.98359161349134,0.0054694621695533276,0.0,-0.007799001499264215
06/06/2023 12:43:43,moodle,metrics,release_based,oversampling,random_forest,3,RELEASE_1_0_4,-1,-1,2.0960986614227295,0.0,0.0,0.9711538461538461,0.0,0.0,0.0
06/06/2023 12:43:44,moodle,metrics,release_based,oversampling,random_forest,3,RELEASE_1_0_5,-1,-1,1.2277019023895264,1.0,1.0,1.0,0.023076923076923078,1.0,1.0
06/06/2023 12:43:45,moodle,metrics,release_based,oversampling,random_forest,3,RELEASE_1_6_3,-1,-1,0.409512996673584,0.8461538461538461,1.0,0.9981785063752276,0.011839708561020037,0.9166666666666666,0.9190195783286421
06/06/2023 12:43:45,moodle,metrics,release_based,oversampling,random_forest,3,RELEASE_1_4_1,-1,-1,0.3826727867126465,0.2222222222222222,0.2222222222222222,0.994142259414226,0.0037656903765690376,0.2222222222222222,0.21928228102104624
06/06/2023 12:43:46,moodle,metrics,release_based,oversampling,random_forest,3,RELEASE_1_4_3,-1,-1,1.0466768741607666,0.6666666666666666,0.8571428571428571,0.9983284580025074,0.0037609694943585457,0.75,0.7551366340455101
06/06/2023 12:43:48,moodle,metrics,release_based,oversampling,random_forest,3,RELEASE_1_6_1,-1,-1,1.7602219581604004,0.9166666666666666,0.7857142857142857,0.9963470319634703,0.010958904109589041,0.8461538461538461,0.8468861692256656
06/06/2023 12:43:50,moodle,metrics,release_based,oversampling,random_forest,3,RELEASE_1_0_7,-1,-1,1.7416281700134277,0.0,0.0,0.9886363636363636,0.0,0.0,0.0
06/06/2023 12:43:51,moodle,metrics,release_based,oversampling,random_forest,3,RELEASE_1_0_6,-1,-1,1.155118703842163,0.75,1.0,0.9942528735632183,0.022988505747126436,0.8571428571428571,0.8634894527947168
06/06/2023 12:43:51,moodle,metrics,release_based,oversampling,random_forest,3,RELEASE_1_6_0,-1,-1,0.42007899284362793,0.9333333333333333,1.0,0.9990825688073395,0.013761467889908258,0.9655172413793104,0.9656427513176097
06/06/2023 12:43:52,moodle,metrics,release_based,oversampling,random_forest,3,RELEASE_1_4_2,-1,-1,0.45429491996765137,0.25,0.25,0.994979079497908,0.0033472803347280333,0.25,0.24748110831234257
06/06/2023 12:43:53,moodle,metrics,release_based,oversampling,random_forest,3,RELEASE_1_8_2,-1,-1,1.1676430702209473,0.1875,0.2,0.9825296995108316,0.011180992313067784,0.19354838709677422,0.18482517934147427
06/06/2023 12:43:55,moodle,metrics,release_based,oversampling,random_forest,3,RELEASE_1_8_3,-1,-1,1.7724790573120117,0.875,1.0,0.9986072423398329,0.011142061281337047,0.9333333333333333,0.9347562992348393
06/06/2023 12:43:57,moodle,metrics,release_based,oversampling,random_forest,3,RELEASE_1_8_1,-1,-1,1.7558317184448242,1.0,0.9333333333333333,0.9993006993006993,0.009790209790209791,0.9655172413793104,0.9657505887253458
06/06/2023 12:43:58,moodle,metrics,release_based,oversampling,random_forest,3,RELEASE_1_0_8,-1,-1,1.1300761699676514,0.0,0.0,0.9880239520958084,0.0,0.0,0.0
06/06/2023 12:43:59,moodle,metrics,release_based,oversampling,random_forest,3,RELEASE_1_0_9,-1,-1,0.927091121673584,0.5,0.4,0.9896265560165975,0.008298755186721992,0.4444444444444445,0.4420626864905304
06/06/2023 12:43:59,moodle,metrics,release_based,oversampling,random_forest,3,RELEASE_1_8_0,-1,-1,0.6625940799713135,0.631578947368421,0.8571428571428571,0.9937586685159501,0.013176144244105409,0.7272727272727273,0.732843502746379
06/06/2023 12:44:00,moodle,metrics,release_based,oversampling,random_forest,3,RELEASE_1_8_4,-1,-1,0.6639349460601807,0.5714285714285714,0.8571428571428571,0.9924085576259489,0.014492753623188406,0.6857142857142857,0.6964340238696383
06/06/2023 12:44:01,moodle,metrics,release_based,oversampling,random_forest,3,RELEASE_1_9_1,-1,-1,1.0408897399902344,0.5,0.5882352941176471,0.9896782027929569,0.012143290831815421,0.5405405405405405,0.5371645331517902
06/06/2023 12:44:03,moodle,metrics,release_based,oversampling,random_forest,3,RELEASE_1_9_0,-1,-1,1.4672808647155762,1.0,1.0,1.0,0.010359536867763558,1.0,1.0
06/06/2023 12:44:04,moodle,metrics,release_based,oversampling,random_forest,3,RELEASE_1_9_2,-1,-1,1.4011919498443604,0.9444444444444444,0.9444444444444444,0.9987893462469734,0.010895883777239709,0.9444444444444444,0.9438324493404052